psnuuid,currentsnuprioritization
bmIyiALRBEZ,2 - Scale-Up: Aggressive
iY69BUSqcnC,1 - Scale-Up: Saturation
qUdeJw9Q0Vk,6 - Sustained: Commodities
YmeyoDakwFX,4 - Sustained
ZmWGSvpahPk,4 - Sustained
e9Ze74PEe99,6 - Sustained: Commodities
saOJtBcENzM,6 - Sustained: Commodities
Y6TnOG79VvP,2 - Scale-Up: Aggressive
TnDQJQtNVCK,6 - Sustained: Commodities
y8A4MNQse4l,1 - Scale-Up: Saturation
LEUjALXInGD,1 - Scale-Up: Saturation
wAZig6EhE1E,1 - Scale-Up: Saturation
XvmMVfsPylt,2 - Scale-Up: Aggressive
WYx3txQzS4e,2 - Scale-Up: Aggressive
Sj1YMJNo9Tt,2 - Scale-Up: Aggressive
EFTH3ILZG8X,2 - Scale-Up: Aggressive
RKsnc4nFUzT,4 - Sustained
ZxJNWnk4hYW,4 - Sustained
nbkoU3gPiM0,5 - Centrally Supported
clasYX5teTV,4 - Sustained
PeF6C8RQJMc,1 - Scale-Up: Saturation
UVkUJt5o0py,4 - Sustained
h7r7vMKQIy8,4 - Sustained
sJDHzjIEcte,5 - Centrally Supported
haFG5XDW24C,4 - Sustained
VGZnGAkKRN3,5 - Centrally Supported
bluPTs5StEv,4 - Sustained
PJKaNADvNfi,4 - Sustained
VLxcOygmtHk,5 - Centrally Supported
YXiMSh7CqES,4 - Sustained
fHkrk3yL1uU,4 - Sustained
oAgxCCStCQe,4 - Sustained
li3fcQxXdg7,4 - Sustained
qc293v9pKIX,4 - Sustained
ThGVWZfLjoq,5 - Centrally Supported
rahoVxbwRB5,4 - Sustained
r5xWCJ4ZqYQ,4 - Sustained
hz2Tdvrxqbp,4 - Sustained
PLYdjomcBkA,4 - Sustained
Vq1CnJNw46x,4 - Sustained
WquO0ev4xvO,5 - Centrally Supported
OBX1MPwg7V9,2 - Scale-Up: Aggressive
jEG1QQsvDeX,4 - Sustained
VVLMNX1DVin,5 - Centrally Supported
bLF8QVYOUu3,5 - Centrally Supported
Ns6ZJi0iwJj,5 - Centrally Supported
nUeu5anINhj,5 - Centrally Supported
O4ls7EsyEQP,5 - Centrally Supported
VFxTcRztfUD,5 - Centrally Supported
Q966kXsyR20,5 - Centrally Supported
iwzUigxHuvr,4 - Sustained
HBG4z9eT0gp,5 - Centrally Supported
oCGhqAOirsv,5 - Centrally Supported
A0XPpQxn05b,4 - Sustained
AFX0djkDX6A,4 - Sustained
GvTDrgjcU6R,4 - Sustained
RDEsqpDdyjC,4 - Sustained
s6P7NGophWH,5 - Centrally Supported
pl3EDv60GZ4,4 - Sustained
cMnkG8Hxa71,4 - Sustained
rucXXEqjQcK,4 - Sustained
W4MLzWKSvB1,5 - Centrally Supported
cDNpDbvmp5K,4 - Sustained
VAN2Ql7Bkro,4 - Sustained
cLBRoC6icGa,4 - Sustained
hvNtuMClAXW,4 - Sustained
SeVI9bJFCIZ,4 - Sustained
AbJXFBhkc4U,4 - Sustained
cbmIcLlVVa1,4 - Sustained
HSEc0Cyu0Yy,5 - Centrally Supported
o3cdCYbmdmR,5 - Centrally Supported
js5vRAkkqxB,5 - Centrally Supported
zipfC1pWf1y,5 - Centrally Supported
VaHOXJU4rir,4 - Sustained
s9CiFUWGXnP,5 - Centrally Supported
DoVAXL8t556,5 - Centrally Supported
JIQXtxy5dWB,5 - Centrally Supported
St9lVTJrRaI,4 - Sustained
dkNG0muACjc,4 - Sustained
PtCkWF9WUyM,4 - Sustained
dyB1QMpgHgC,5 - Centrally Supported
a2nQs7VmYiD,4 - Sustained
w0khtlIwl6Q,5 - Centrally Supported
MIvAFWhI9Yc,4 - Sustained
GP5qeoiXMtA,4 - Sustained
zU7eKPwFr69,4 - Sustained
oHNRJzfPFaX,5 - Centrally Supported
GzuQHLu6ZTN,5 - Centrally Supported
jIXZlNwSdG3,4 - Sustained
JIcgSOsSpSV,4 - Sustained
VZPPWeDuJqU,4 - Sustained
vqaBeYFtUn0,4 - Sustained
srjx8SafsPP,2 - Scale-Up: Aggressive
DWF1ThXXPOB,5 - Centrally Supported
lD9LV6eBHfQ,1 - Scale-Up: Saturation
lWBnsQf68dS,4 - Sustained
CRixH2BASvF,4 - Sustained
FWBih8friTu,1 - Scale-Up: Saturation
ejiEtWEM5cz,1 - Scale-Up: Saturation
m4hsNX3VTKP,1 - Scale-Up: Saturation
z3MzML1mYwh,1 - Scale-Up: Saturation
VRjvwkJGXTH,2 - Scale-Up: Aggressive
uum3VZlFaKv,1 - Scale-Up: Saturation
SA1Avn20OIg,2 - Scale-Up: Aggressive
eGcjUV99Zdo,1 - Scale-Up: Saturation
Mz99jaYsFxm,2 - Scale-Up: Aggressive
gn6vC2809So,2 - Scale-Up: Aggressive
UDEHiTgnxZF,2 - Scale-Up: Aggressive
XtadO5Nbz1l,4 - Sustained
gbHb3TqpYeF,4 - Sustained
WqS5Tgu9lhn,2 - Scale-Up: Aggressive
AsDwMb164Ar,4 - Sustained
rDXPCsGXk80,4 - Sustained
KaRkZKjlJS9,4 - Sustained
eOaGQybIP0i,2 - Scale-Up: Aggressive
bPtyVLYWLS1,2 - Scale-Up: Aggressive
jsjlSkJ8fZ2,4 - Sustained
Fm5lj3ydz01,4 - Sustained
hGbktMoaboh,2 - Scale-Up: Aggressive
YJRrSeTDrY5,2 - Scale-Up: Aggressive
psRnKDD6jKN,4 - Sustained
qtas4LeSMFk,2 - Scale-Up: Aggressive
rjpRCyaSOka,2 - Scale-Up: Aggressive
MfdlUVk17qs,4 - Sustained
bPFRu7vkAx4,4 - Sustained
QI4qaQRoEcK,4 - Sustained
AewGtVAXTpR,2 - Scale-Up: Aggressive
ycvc2l2qqUE,1 - Scale-Up: Saturation
y7RJkbRqgJT,1 - Scale-Up: Saturation
F5ehlSubWUq,4 - Sustained
zULBF1vgW7M,4 - Sustained
wvQfMc2sxSi,1 - Scale-Up: Saturation
xrTVfYGnCAq,2 - Scale-Up: Aggressive
jPk4oCBlN23,2 - Scale-Up: Aggressive
O2PDFcA1UBs,2 - Scale-Up: Aggressive
HgAGgNFJBLO,1 - Scale-Up: Saturation
U7FcpSTowY0,2 - Scale-Up: Aggressive
o2U3SNx0JLJ,4 - Sustained
jNb2wWbxIk8,4 - Sustained
oeiTlj4Anh8,4 - Sustained
Afx3d2MkpEG,1 - Scale-Up: Saturation
xVqaF0orSHP,1 - Scale-Up: Saturation
MU6pT5Itenu,4 - Sustained
qHfnRvlDq0u,2 - Scale-Up: Aggressive
nYehWt8N4nw,4 - Sustained
f4tnMBWJUve,4 - Sustained
FeQubuYk5yj,4 - Sustained
adZqc2OAgKp,4 - Sustained
HJBwHZDHtwK,4 - Sustained
rRlVGR4SAOy,2 - Scale-Up: Aggressive
ZCxKKMtE0hA,4 - Sustained
rqem7WGjUpm,4 - Sustained
zxtqOKeUsFf,1 - Scale-Up: Saturation
LUgbTJHOa8M,2 - Scale-Up: Aggressive
KgKj4XmQtQX,4 - Sustained
sg5OeSC3e76,4 - Sustained
pKg0FPsUjcz,2 - Scale-Up: Aggressive
FIP1evPz2kO,4 - Sustained
EwBdT0P1NoK,4 - Sustained
QVU3rUTd6WX,4 - Sustained
glRlVubWojg,4 - Sustained
AY20w05Wc9q,4 - Sustained
Ro2e9NndrG9,4 - Sustained
TXjA0WtW8ul,1 - Scale-Up: Saturation
eSuJxZpd2tT,4 - Sustained
GZd9VUpRF9b,4 - Sustained
lDZEiz8wxkg,4 - Sustained
iclnG0nW8le,4 - Sustained
GeLP2HBm78g,1 - Scale-Up: Saturation
gxpIzB7TH6b,4 - Sustained
tqjCSI7HOIk,2 - Scale-Up: Aggressive
eoAobHIVIBN,4 - Sustained
z6HL5QkdXaU,1 - Scale-Up: Saturation
X0CYKb13qOd,1 - Scale-Up: Saturation
mj8vc80DZnW,4 - Sustained
a5jLbEaqXQH,1 - Scale-Up: Saturation
iBIl1QevIrG,4 - Sustained
KtqjtVhTZdP,4 - Sustained
abCVuLIqXPM,4 - Sustained
BJwJiJ0aein,1 - Scale-Up: Saturation
orZLnojDCbO,1 - Scale-Up: Saturation
jf7kv5ZPbM2,4 - Sustained
mLfokzGSDJb,4 - Sustained
pCODWiMvHX4,4 - Sustained
Y6quIOmXjd1,1 - Scale-Up: Saturation
PgK6EwJ52Ji,4 - Sustained
Ob5urm65M2B,1 - Scale-Up: Saturation
sDKxk72Fmkh,4 - Sustained
RxH0BNkxRaX,1 - Scale-Up: Saturation
ItLFN5k82Cs,4 - Sustained
HklkyYEG7Gv,4 - Sustained
JlGVapzhvz3,1 - Scale-Up: Saturation
kloe3J4FH0k,4 - Sustained
OWrW8UtHRQf,1 - Scale-Up: Saturation
bkHaWQ9ql5h,8 - Not PEPFAR Supported
Ml7XhDDDSxr,4 - Sustained
hmiqnsA1RHG,4 - Sustained
PBd3TB3n1Df,4 - Sustained
b3oj7tltF3b,8 - Not PEPFAR Supported
aeMCpJ3cC3w,1 - Scale-Up: Saturation
IIWUbCKztLZ,1 - Scale-Up: Saturation
EaCSG0WmNZV,1 - Scale-Up: Saturation
xnp6C0QwBUj,1 - Scale-Up: Saturation
hKlzgWdCBWT,4 - Sustained
grhcb3NRDtA,4 - Sustained
u380fHid3Gr,4 - Sustained
BQPR0UCqFyz,1 - Scale-Up: Saturation
UQu4xUTufWE,1 - Scale-Up: Saturation
X8eXmYHQXAB,4 - Sustained
WoBCQgvIkTL,4 - Sustained
ho0Fg1MrqMi,1 - Scale-Up: Saturation
ZJ1ngXCyNVm,4 - Sustained
UsUtCapznDy,4 - Sustained
APlUXrGE7PQ,4 - Sustained
I3BZ5GynF7z,4 - Sustained
XBz3SeLhTR5,4 - Sustained
tFPzF1PdQYD,4 - Sustained
nkk4fjd9ncb,4 - Sustained
hZxBqL2oyE4,4 - Sustained
snMVrjxxOz3,4 - Sustained
udJcP2om689,4 - Sustained
Dl0yK0OhftZ,1 - Scale-Up: Saturation
Nol49ipxGSP,1 - Scale-Up: Saturation
FpHB6WgguU4,1 - Scale-Up: Saturation
S0bEjAmIdaM,1 - Scale-Up: Saturation
hAfmxTznGib,1 - Scale-Up: Saturation
tiV2BpRetto,1 - Scale-Up: Saturation
XOHqRmdmR1Y,1 - Scale-Up: Saturation
OhTGDI5kIsI,1 - Scale-Up: Saturation
dg0b1pbVcFd,1 - Scale-Up: Saturation
CM2Vva5aY5R,1 - Scale-Up: Saturation
LdIGkXZjzGe,1 - Scale-Up: Saturation
mAjhK01CpxY,1 - Scale-Up: Saturation
luGiEl6hQbR,1 - Scale-Up: Saturation
Ih7gkAN702K,1 - Scale-Up: Saturation
krTMfMOHwPB,1 - Scale-Up: Saturation
i4J0PuohtkC,1 - Scale-Up: Saturation
QCQitOaO8IE,1 - Scale-Up: Saturation
zTM3bJ41hjQ,1 - Scale-Up: Saturation
gkcfrOO2Q5B,1 - Scale-Up: Saturation
ebM25wsooWx,1 - Scale-Up: Saturation
BeWj57iAmFD,1 - Scale-Up: Saturation
ksej0McbNxI,1 - Scale-Up: Saturation
grIssJL6O33,1 - Scale-Up: Saturation
JpdngeY46ut,1 - Scale-Up: Saturation
qE5duGVZ5LP,1 - Scale-Up: Saturation
ccRs61N6ULr,1 - Scale-Up: Saturation
RlsVbvqeLTq,1 - Scale-Up: Saturation
uzHNrykEzkX,1 - Scale-Up: Saturation
SHZ2jnjRdow,1 - Scale-Up: Saturation
Dsl1QF5cSMb,1 - Scale-Up: Saturation
UVyHeNJqYv9,1 - Scale-Up: Saturation
ckrk8rtdz7Q,1 - Scale-Up: Saturation
QzcgA3XBIp9,1 - Scale-Up: Saturation
isEDtUEOEbe,1 - Scale-Up: Saturation
fnB9nSllz1A,1 - Scale-Up: Saturation
vWMZguVpGPk,1 - Scale-Up: Saturation
exMnOdU4BFJ,1 - Scale-Up: Saturation
ff3EppiQpBS,1 - Scale-Up: Saturation
k3tQPMFRD2U,1 - Scale-Up: Saturation
JuizcBpKZu0,1 - Scale-Up: Saturation
Z5hPyPkh23a,1 - Scale-Up: Saturation
cCE8G5K4ZX9,1 - Scale-Up: Saturation
S9uIh5g8gz5,1 - Scale-Up: Saturation
rMb7Z7a1ENA,1 - Scale-Up: Saturation
Dt5ZpSVSbWh,1 - Scale-Up: Saturation
mQJijD6EhHf,1 - Scale-Up: Saturation
w5aqe4XBs9J,1 - Scale-Up: Saturation
OKQaKbHkYYi,1 - Scale-Up: Saturation
yB1DGw59cc1,1 - Scale-Up: Saturation
qzEhDI7vkao,1 - Scale-Up: Saturation
V0TP4OR9iBL,1 - Scale-Up: Saturation
miqDoAzwniD,1 - Scale-Up: Saturation
AQfn01yZOgC,1 - Scale-Up: Saturation
rp9bFOzLNZ2,1 - Scale-Up: Saturation
OD9zEKfc8aA,1 - Scale-Up: Saturation
VqtqOvlaxWk,1 - Scale-Up: Saturation
HqFvIXZC4cQ,1 - Scale-Up: Saturation
blpfAR25QAx,1 - Scale-Up: Saturation
TV3D0xgE3DS,1 - Scale-Up: Saturation
rF2UxFyMT5n,1 - Scale-Up: Saturation
vJ76JuaIi6C,1 - Scale-Up: Saturation
tGchtls4fKN,1 - Scale-Up: Saturation
CHzOOvtQe5A,1 - Scale-Up: Saturation
yUKA70NuJ4r,1 - Scale-Up: Saturation
uKTm4tHmZaq,1 - Scale-Up: Saturation
SaeVs5Evel4,1 - Scale-Up: Saturation
yJuIxDkX0xB,1 - Scale-Up: Saturation
TCA7qeiaWUF,1 - Scale-Up: Saturation
RDFmFZwf2JV,1 - Scale-Up: Saturation
z7NjhZiW7BZ,1 - Scale-Up: Saturation
dzpfBQpx8TZ,1 - Scale-Up: Saturation
WOeYZQGlrea,1 - Scale-Up: Saturation
T5SiACwTM3s,1 - Scale-Up: Saturation
u85pVSCh311,1 - Scale-Up: Saturation
HpPNYrv7anr,1 - Scale-Up: Saturation
h2sG9KAKdcM,1 - Scale-Up: Saturation
FkDCaIJ2xvO,1 - Scale-Up: Saturation
Yrd0nee643M,1 - Scale-Up: Saturation
XGmyjmEM8v8,1 - Scale-Up: Saturation
bi8kdFyGZti,1 - Scale-Up: Saturation
CIpDfOhxefC,1 - Scale-Up: Saturation
saV3AAlHl3M,1 - Scale-Up: Saturation
d7PyCoauWZJ,1 - Scale-Up: Saturation
RlWSXGVcPD9,1 - Scale-Up: Saturation
Tfrl1FD4tC1,1 - Scale-Up: Saturation
mZ8TkRw4gHN,1 - Scale-Up: Saturation
zntVKV2T3mx,1 - Scale-Up: Saturation
FJLhiguKkJ8,1 - Scale-Up: Saturation
TiKX4Z31RHM,1 - Scale-Up: Saturation
apNIbaUN7VG,1 - Scale-Up: Saturation
gycWZG1mDrG,1 - Scale-Up: Saturation
bvRs4n3iZb9,1 - Scale-Up: Saturation
KBRJYoOKoJZ,1 - Scale-Up: Saturation
qeGBngscxO3,1 - Scale-Up: Saturation
AVr7CucCn6i,1 - Scale-Up: Saturation
q78xjpzc1D1,1 - Scale-Up: Saturation
aJ6GksAmIgM,1 - Scale-Up: Saturation
PtzRkW3oxxC,1 - Scale-Up: Saturation
xSgW5Z33nBH,1 - Scale-Up: Saturation
iqjIgitNcCX,1 - Scale-Up: Saturation
J97933x3fVp,1 - Scale-Up: Saturation
LsG5pyfnbDu,1 - Scale-Up: Saturation
Le7FIF2MAAz,1 - Scale-Up: Saturation
ClHk6k965g2,1 - Scale-Up: Saturation
waeolqqQnxw,1 - Scale-Up: Saturation
aj1PTnemHwu,1 - Scale-Up: Saturation
o9OtNu2ygFr,1 - Scale-Up: Saturation
AsrGwZlvz5S,1 - Scale-Up: Saturation
asPemzWMDhq,1 - Scale-Up: Saturation
IW0ya7dC5lI,1 - Scale-Up: Saturation
xLVl6sfv6ZG,1 - Scale-Up: Saturation
AY9kmTPFcI7,1 - Scale-Up: Saturation
PW4IfU2Heex,4 - Sustained
Ie8qZK53j8R,2 - Scale-Up: Aggressive
gbBCfCY4WEt,2 - Scale-Up: Aggressive
NAFRykNkfIY,4 - Sustained
mtFsU42sdyp,2 - Scale-Up: Aggressive
CQ32Ff64uZa,5 - Centrally Supported
YS8RTnVtDgy,4 - Sustained
XiYvIDivse4,2 - Scale-Up: Aggressive
DcMrVAeQlrT,5 - Centrally Supported
NUFhtebVjBj,4 - Sustained
XyCFspn3E4B,4 - Sustained
L8BawXGqtSc,2 - Scale-Up: Aggressive
EnTX1hId49p,2 - Scale-Up: Aggressive
IQZ8nOWswQO,4 - Sustained
CzLHEQJw9iM,5 - Centrally Supported
pxoONBy6Zzd,2 - Scale-Up: Aggressive
NiMiG2Gn5Rn,2 - Scale-Up: Aggressive
Xkqfh5jC0t1,4 - Sustained
v5G111s0Z24,4 - Sustained
xavcQwNh4d6,4 - Sustained
IfhwqabXbWM,4 - Sustained
QGbyf3thzHs,1 - Scale-Up: Saturation
TD9xfMNPqlT,4 - Sustained
HolDU4RRSfK,4 - Sustained
FjZSahQTWfW,4 - Sustained
Qz2Kf9eU69w,4 - Sustained
kQT6nDDCYwa,4 - Sustained
hXKQe1v1kJQ,8 - Not PEPFAR Supported
Ishpc9JsAN2,5 - Centrally Supported
e5s0nMiYRt2,4 - Sustained
UI9taTLk92Z,1 - Scale-Up: Saturation
kXNOKuDH8Cr,1 - Scale-Up: Saturation
Wi8RkrrDCVc,4 - Sustained
I0VLXULh39L,1 - Scale-Up: Saturation
ITpUruMPHSO,4 - Sustained
r4VLlu7ppD7,4 - Sustained
k0elV4g6i5l,4 - Sustained
bvb1NEOPMJJ,4 - Sustained
CVAVQ8lpjFp,5 - Centrally Supported
VAUD5A0uWXa,1 - Scale-Up: Saturation
gjHsDbCjIxD,5 - Centrally Supported
vBlUe90Y9wb,4 - Sustained
etbBwgd3pFb,4 - Sustained
Sk6D93w3qee,1 - Scale-Up: Saturation
QaFPMRC0TcM,4 - Sustained
V5e0GGu00Pk,4 - Sustained
jf0nHVkZ86a,2 - Scale-Up: Aggressive
tzO0QhmPaQ5,2 - Scale-Up: Aggressive
t0qeLqe96wv,4 - Sustained
En3imRaxAcO,4 - Sustained
JSZVxMfBYhF,4 - Sustained
oIv9REkDQni,4 - Sustained
T1ebZbBZWmE,1 - Scale-Up: Saturation
RoKGUSW7RgB,4 - Sustained
H3QqufEBKOf,1 - Scale-Up: Saturation
sL1JeWMWcZd,4 - Sustained
wRoykgIb3kR,1 - Scale-Up: Saturation
GMc1XvyoEMF,2 - Scale-Up: Aggressive
TO1ZRdYkXTE,1 - Scale-Up: Saturation
EOOB0WW3nQs,4 - Sustained
JAMsHR5HMyp,4 - Sustained
YWjR6SXmGfm,4 - Sustained
lHT6kffFZoN,1 - Scale-Up: Saturation
Mx9VPaooJNZ,4 - Sustained
fhOvu8gl1Fb,4 - Sustained
As7mIGmHwkf,4 - Sustained
ubpgcpLmwNS,2 - Scale-Up: Aggressive
r0ALi9IdR8A,4 - Sustained
pozcGQlron7,2 - Scale-Up: Aggressive
QwceRV5EPNO,4 - Sustained
WUdWj1cHYfe,1 - Scale-Up: Saturation
EwD97W9xUsv,4 - Sustained
mTMqDosBmtz,5 - Centrally Supported
QQ2gN4yv8hX,2 - Scale-Up: Aggressive
cvfjoPc9X1N,1 - Scale-Up: Saturation
NGe0hGfnFus,1 - Scale-Up: Saturation
osNRLBuIl2t,4 - Sustained
gSf9OHML8qU,1 - Scale-Up: Saturation
RyQGptE9qGW,4 - Sustained
eWCxNLu5TUe,4 - Sustained
gFEUdPFKQ8R,4 - Sustained
QCOL3QkfqLp,2 - Scale-Up: Aggressive
UNLPacPvZpE,4 - Sustained
k3ZY2LXMprD,4 - Sustained
uiXoFZyScUT,4 - Sustained
lUF9HL09ZuT,4 - Sustained
W1ZoVZQkuJY,4 - Sustained
UOtlDv2PC3v,4 - Sustained
aBzwAKpuSwJ,4 - Sustained
JIqn3KDSGAy,1 - Scale-Up: Saturation
BvTdUIVTQzL,4 - Sustained
RQevJhcCgEz,4 - Sustained
fWG2mW7T6WB,4 - Sustained
PNebjzBcNlz,4 - Sustained
gQwHb9P2Aot,4 - Sustained
wfS2BO42bH9,4 - Sustained
PVNWVniHBPC,5 - Centrally Supported
PHlqpFgIUer,2 - Scale-Up: Aggressive
tUMk421rUHU,4 - Sustained
vTXp53LBNqK,4 - Sustained
eU0UWNAKqY4,4 - Sustained
h2IesRqf9L9,4 - Sustained
ARBd3LRy8K3,4 - Sustained
RHOvuxEDfen,4 - Sustained
QbtQsX5JvnN,2 - Scale-Up: Aggressive
Tqa5UnucrRR,1 - Scale-Up: Saturation
WZTnlbCMnWE,1 - Scale-Up: Saturation
AkkppIVrLYv,4 - Sustained
Pr1OSvcyH0K,1 - Scale-Up: Saturation
jZzztrTuscf,1 - Scale-Up: Saturation
FIdIkJEjUoT,4 - Sustained
sBrKaiouXOq,2 - Scale-Up: Aggressive
rPfoUDPzYpD,4 - Sustained
tTt8ePCTKln,4 - Sustained
YtCM0FnppHt,4 - Sustained
X0A9gNynXsz,4 - Sustained
D7Jfm8R4RZs,1 - Scale-Up: Saturation
RVkf0KfEnud,4 - Sustained
opsMyEuvaJP,4 - Sustained
PKEGPtSEVKx,4 - Sustained
vWvcThHQkuc,4 - Sustained
cPT3JznaOh6,4 - Sustained
CdaxKsQLVTM,5 - Centrally Supported
qV87ZbbWoBZ,2 - Scale-Up: Aggressive
gwdQWaqrkKA,2 - Scale-Up: Aggressive
H8hpGFF1xMF,4 - Sustained
cxs16SU7ofk,2 - Scale-Up: Aggressive
kZq02h6kRKY,5 - Centrally Supported
NThj50dHUkR,8 - Not PEPFAR Supported
bHyNYsZ739Z,4 - Sustained
VoYLtshRsI8,1 - Scale-Up: Saturation
DtdOBQLWKsO,4 - Sustained
oj82NOuf0Jm,4 - Sustained
K7qdRhvRTHh,8 - Not PEPFAR Supported
elY8dUERxoZ,2 - Scale-Up: Aggressive
c2X5BxYPa8o,1 - Scale-Up: Saturation
YNi711oVZBu,4 - Sustained
f42iiD81o5H,1 - Scale-Up: Saturation
tmcdF5YIiHs,4 - Sustained
uVJJZ0rfep1,4 - Sustained
PSi2f99vAUw,4 - Sustained
dD0ECNBkCFm,4 - Sustained
Z2MjMOkmcEY,2 - Scale-Up: Aggressive
dW66lAl58B7,2 - Scale-Up: Aggressive
FMYZdAIXe5w,4 - Sustained
UxCwXEckCHa,4 - Sustained
esdcc1e69wy,1 - Scale-Up: Saturation
VdFCrheiVqN,4 - Sustained
BoGExMIo8Pb,4 - Sustained
BuwmicTjjoy,5 - Centrally Supported
EmxoTQmhRCy,4 - Sustained
WVz3A9lNOTC,4 - Sustained
efXimbq0jNn,1 - Scale-Up: Saturation
lcftDpooYNA,4 - Sustained
Dx3qNQw2tln,4 - Sustained
htYhYsrO41J,1 - Scale-Up: Saturation
zpNReKaF7j2,4 - Sustained
jGkS4PB1Cqh,4 - Sustained
eXJptfqQB0Q,4 - Sustained
eg6VwrQgH9P,4 - Sustained
nAnFLKOdEYz,4 - Sustained
qhOEBz1rzve,4 - Sustained
uRPWXgaf6aT,4 - Sustained
C9vnoVP3z99,5 - Centrally Supported
MPKz0Y56gQx,2 - Scale-Up: Aggressive
dIQZ99RN4ZZ,8 - Not PEPFAR Supported
FhzTbNqw71C,4 - Sustained
DgevN62jk4B,4 - Sustained
GQuvuF96Wk6,4 - Sustained
ugyKuPTJTIf,1 - Scale-Up: Saturation
Xyl4L2J3xyn,4 - Sustained
QxwpWIUFkPb,1 - Scale-Up: Saturation
jGNbabDrQU9,4 - Sustained
qVPkh5gN520,2 - Scale-Up: Aggressive
vAavgiYrXM1,5 - Centrally Supported
lEhwGnDsv6C,5 - Centrally Supported
xDzmkcqWG9R,5 - Centrally Supported
s0O687ifli6,8 - Not PEPFAR Supported
OUWmhfGPDxB,1 - Scale-Up: Saturation
Qi99m5LgjMH,4 - Sustained
QPo9ZFx1rzP,4 - Sustained
gTJZflQulEZ,4 - Sustained
jMNxVGYxUBU,4 - Sustained
paLa1kCgYAt,4 - Sustained
KQPb3yTCd0Y,4 - Sustained
ytigDB9oapT,4 - Sustained
gDPglaRQc1U,4 - Sustained
uMj25LGORLK,4 - Sustained
ip9WByI5aiG,1 - Scale-Up: Saturation
wBk27sxzeNc,8 - Not PEPFAR Supported
uCWQ5PjVnfZ,4 - Sustained
UICCXR5QIG8,1 - Scale-Up: Saturation
CUetmoVr05u,2 - Scale-Up: Aggressive
To7kNtgKdUM,2 - Scale-Up: Aggressive
eTG3pdjt61A,4 - Sustained
r2uMPeswR7N,2 - Scale-Up: Aggressive
CmM2t7DBKPU,4 - Sustained
shzp5g4ArI5,4 - Sustained
DSoFEifMFti,2 - Scale-Up: Aggressive
nNEAgKdyEX8,8 - Not PEPFAR Supported
dMLthKyc6UL,4 - Sustained
tZyIXlytslv,4 - Sustained
bx9WFcUzjlQ,4 - Sustained
rBVMGX3ACh4,1 - Scale-Up: Saturation
ECGxtv0MrvF,5 - Centrally Supported
ozsHAVsx7c2,4 - Sustained
RsJdrHhmYWz,2 - Scale-Up: Aggressive
krKeJmyfesR,4 - Sustained
lDoNLdegLJ5,5 - Centrally Supported
HXHYnYreCZF,2 - Scale-Up: Aggressive
QRONUdycmns,4 - Sustained
GAGQ1f9YZj6,4 - Sustained
IcqnPlnlsLs,5 - Centrally Supported
egUjhGriSeV,2 - Scale-Up: Aggressive
K2frOOiDTLx,1 - Scale-Up: Saturation
yQobh3Injfv,4 - Sustained
t7VwTry1z4B,5 - Centrally Supported
ht2OndrLamV,2 - Scale-Up: Aggressive
IjnQrGx5kRL,4 - Sustained
tEvo1ocTN83,2 - Scale-Up: Aggressive
VyzFTQoc8bz,5 - Centrally Supported
AoZACroYREn,4 - Sustained
Tl86IqNDpPE,5 - Centrally Supported
vbNIF7PrrFw,5 - Centrally Supported
T7Zk6PyzpXm,1 - Scale-Up: Saturation
S3LEQzI9PdZ,4 - Sustained
OI5v75ln2pI,4 - Sustained
NcCGLb9uI12,5 - Centrally Supported
quWbipTyRDG,4 - Sustained
QWiqfrc2vqr,5 - Centrally Supported
T3Qn9AvOt2O,4 - Sustained
roER5ak0j8Z,4 - Sustained
SXiyzjqLVlB,2 - Scale-Up: Aggressive
ddzu8CdIfrC,2 - Scale-Up: Aggressive
KwRntTwcRuL,5 - Centrally Supported
mQsraDDdQU5,1 - Scale-Up: Saturation
WAZ7Zlr5wz9,5 - Centrally Supported
hXN3grWPe2R,4 - Sustained
FthfS77IyFO,4 - Sustained
DXwRV2jVSrz,5 - Centrally Supported
Bc2yeyEebkb,4 - Sustained
h3x8emZmTnu,2 - Scale-Up: Aggressive
vSoUQHdq9fe,4 - Sustained
QUzj4rhXJz2,2 - Scale-Up: Aggressive
YqwaSNqvbyo,5 - Centrally Supported
IY11OI9LWcC,4 - Sustained
yGIgRW4AmJS,4 - Sustained
Sjk7LC1BW2I,4 - Sustained
ZgeuvIF7qFO,4 - Sustained
HhOjndtq0dr,8 - Not PEPFAR Supported
ATxjXu8Sn5P,5 - Centrally Supported
WhT0nJDLmke,5 - Centrally Supported
fD0RECu4anJ,5 - Centrally Supported
nBZ0FnjV1Aa,1 - Scale-Up: Saturation
oODAh4GUzQF,8 - Not PEPFAR Supported
wJtVPY7oeGa,5 - Centrally Supported
ylK6lpJPCCf,5 - Centrally Supported
lFpknd2WhuY,4 - Sustained
EjfX0V3uUnV,5 - Centrally Supported
R4LMo5l92GV,4 - Sustained
I91FkpH3ACz,4 - Sustained
KWE1IyhJ2KQ,5 - Centrally Supported
yQ6PwvlaL8W,2 - Scale-Up: Aggressive
R2zwdQYrOrN,2 - Scale-Up: Aggressive
kVXPQPLAOzV,2 - Scale-Up: Aggressive
jr4ywXs0IOH,2 - Scale-Up: Aggressive
ox4Xe7EacDR,5 - Centrally Supported
Q2CNpnsKjYK,4 - Sustained
Ulv5RFnyXva,5 - Centrally Supported
kNQTnDj9rn4,5 - Centrally Supported
lcRJv6tq7vF,2 - Scale-Up: Aggressive
WXa6qbfBOGi,5 - Centrally Supported
Ync0KcEqnD7,4 - Sustained
CCvdQ26Zm1t,5 - Centrally Supported
gpRLIsCcZTd,5 - Centrally Supported
puFVTKDKhXc,5 - Centrally Supported
AhbhonCLRBp,4 - Sustained
DzXpjpigC5T,5 - Centrally Supported
UCEo25DqpAN,5 - Centrally Supported
rpKg7BdKcoZ,4 - Sustained
h3837j94p7O,5 - Centrally Supported
psqxlBzyPqd,8 - Not PEPFAR Supported
F9jEJgxmlhe,4 - Sustained
S3ATzFkw9Xn,4 - Sustained
izW9ffIlA54,5 - Centrally Supported
BoqKmEPkInc,4 - Sustained
TNGuHJRX7Vi,5 - Centrally Supported
WpFVeertJnB,5 - Centrally Supported
St0UOw6m0jA,5 - Centrally Supported
SnAVW7zBtW4,4 - Sustained
YKUSD2lwWQL,5 - Centrally Supported
duJP6jiXRD7,2 - Scale-Up: Aggressive
x1dVDuvwKqg,2 - Scale-Up: Aggressive
UlFTj6jDhE0,4 - Sustained
WCQpFX9iXWY,5 - Centrally Supported
urk5crxzSiA,5 - Centrally Supported
fkj1zGtDeXE,4 - Sustained
bOW4PuZbuZH,4 - Sustained
RZ5xo5iduQH,4 - Sustained
qkMU20QINbK,5 - Centrally Supported
IMhnWuQUrNE,5 - Centrally Supported
aYYmJK4qVkd,4 - Sustained
VsU5M5nK3vi,4 - Sustained
BRb4txUkmDr,2 - Scale-Up: Aggressive
QxI0uD66UFI,8 - Not PEPFAR Supported
mKUp9m098aS,2 - Scale-Up: Aggressive
LzoyLfDRuVm,4 - Sustained
gYd0rcZ9xnX,5 - Centrally Supported
HM084jL35jD,1 - Scale-Up: Saturation
xBodHHKc4Ej,5 - Centrally Supported
Dx6Yv5ZNDZr,2 - Scale-Up: Aggressive
I78GcwiHkl5,4 - Sustained
QALESmVPRt7,5 - Centrally Supported
z3omFfgCcnd,5 - Centrally Supported
OfiZQdNR7g6,5 - Centrally Supported
aoQw86VyiCg,5 - Centrally Supported
i7zcGxKWL6D,2 - Scale-Up: Aggressive
TbPQl36A4yX,4 - Sustained
GdKSV3TMYaS,5 - Centrally Supported
mtUrYObWSgO,4 - Sustained
WV46XRqiCvz,4 - Sustained
BuYxhzAGZk2,4 - Sustained
FDB4yDMmhSo,5 - Centrally Supported
IdJDUaXTK5Y,5 - Centrally Supported
ccDcfNnRfn9,5 - Centrally Supported
N9FLio23CJi,1 - Scale-Up: Saturation
aBVBYN5V9W0,5 - Centrally Supported
kkJYBkrT7AS,5 - Centrally Supported
RziCl1HA8HR,2 - Scale-Up: Aggressive
Q24E2PvzVV0,4 - Sustained
bTJbkJVPeZd,4 - Sustained
Lqb87AsLaDo,5 - Centrally Supported
Vbu05IfaSLI,2 - Scale-Up: Aggressive
ewWyl6oWKOV,4 - Sustained
owsL8SqwGmU,4 - Sustained
jpXMVMxZ9rc,1 - Scale-Up: Saturation
NZz6idI3OZL,8 - Not PEPFAR Supported
fObNXpLqNXT,8 - Not PEPFAR Supported
gBN7dSgQxpJ,5 - Centrally Supported
DHKgPHop3ow,5 - Centrally Supported
adYeWb2fCU1,4 - Sustained
T0NP9f41qpZ,4 - Sustained
xlyuQM4O5y8,5 - Centrally Supported
oWoMi9KY1qH,4 - Sustained
tYPJJK2HCwW,4 - Sustained
FIDRHBYSdXh,5 - Centrally Supported
jocBnKgxZNl,5 - Centrally Supported
lFzZ9zxjb5j,4 - Sustained
FRZJO2a99eU,8 - Not PEPFAR Supported
uxItTtyQEuW,5 - Centrally Supported
K7gGXV9sdZ9,5 - Centrally Supported
iqHNYM9LzBZ,5 - Centrally Supported
AGyhnoog0wi,5 - Centrally Supported
rjcq815eHa2,5 - Centrally Supported
Zqzm8EiNdWG,5 - Centrally Supported
tNURSgc3sHi,4 - Sustained
FV2wfETYeWl,2 - Scale-Up: Aggressive
IIMsIS58Wk3,4 - Sustained
BUMQL8rTiR5,5 - Centrally Supported
L2ykCMfPeCB,5 - Centrally Supported
dqyerP01Nv3,4 - Sustained
HEWw1hmyxhh,4 - Sustained
QbmITgyUuRI,5 - Centrally Supported
O7PclPJupHx,5 - Centrally Supported
cHIgGSht5qC,4 - Sustained
w7aWM6j68Cw,4 - Sustained
TUE0RwaZkIC,2 - Scale-Up: Aggressive
RVqlYsj7GCK,5 - Centrally Supported
DJYs14VIacK,5 - Centrally Supported
DE9LKiiZgEE,4 - Sustained
u5SqwecMMWk,5 - Centrally Supported
poIf7GI5C0B,5 - Centrally Supported
Ccbd57Kejy7,4 - Sustained
Q1SOI0CmfCs,4 - Sustained
J35yB4z0HjC,5 - Centrally Supported
bS8193L3fsy,5 - Centrally Supported
CRtGBrOPJhs,5 - Centrally Supported
cTT5MIPPhHD,4 - Sustained
M7u0xTvQ2KE,4 - Sustained
fABZRAOD5zZ,5 - Centrally Supported
TzxxwyFMCDh,5 - Centrally Supported
JvHHpbAB5W0,4 - Sustained
oGkDKhwllIx,5 - Centrally Supported
oB6bWw3yZoo,4 - Sustained
bLUEuECR2n3,5 - Centrally Supported
c3kfdNNY2wF,1 - Scale-Up: Saturation
cNT2ZKzznuy,4 - Sustained
MfarE4LGub1,8 - Not PEPFAR Supported
l6QmCi3X8iZ,5 - Centrally Supported
t6ev16akDUE,5 - Centrally Supported
apqf7kskFXJ,8 - Not PEPFAR Supported
Xghl5xDEXwl,4 - Sustained
a22vXiAUgU7,4 - Sustained
XtvYFTEo9X7,4 - Sustained
PoiYBFcKRkz,5 - Centrally Supported
HWdypmXYZ5x,5 - Centrally Supported
bNySAc7BhEP,5 - Centrally Supported
AODEt9SQWqR,4 - Sustained
T58MpSwsWxx,5 - Centrally Supported
xey8zy9D7iw,2 - Scale-Up: Aggressive
EHDktJ3837a,5 - Centrally Supported
r3t0g7V2E5O,5 - Centrally Supported
FMTOyW3NRZs,4 - Sustained
mOvx136o91W,5 - Centrally Supported
jdEtMsW9An0,5 - Centrally Supported
vazaZ2EXv0l,4 - Sustained
lOzR0eRMk12,8 - Not PEPFAR Supported
lWikMgSHol9,4 - Sustained
rQ1gYj1G2WH,4 - Sustained
AK37GP5NvgJ,5 - Centrally Supported
K3b7lbiAE3A,5 - Centrally Supported
GloHcPGAdZE,4 - Sustained
rxv5oN0GpaW,4 - Sustained
XNvfrvtFNfj,5 - Centrally Supported
zYgcRrrXlRr,5 - Centrally Supported
YqUJk1iePMM,4 - Sustained
Byqj7ba3PP4,5 - Centrally Supported
SBFdnkj7kL6,5 - Centrally Supported
BIXdEsr3zdV,4 - Sustained
pijGzpSEYWF,4 - Sustained
KbGnwfjPSvO,5 - Centrally Supported
SuyUvDHDd78,4 - Sustained
E0QeE7CEpTV,2 - Scale-Up: Aggressive
okuZY15GwHq,2 - Scale-Up: Aggressive
FB8pczsYsLe,2 - Scale-Up: Aggressive
Ch0GlT9NfB9,4 - Sustained
lrIs5pJSsVn,5 - Centrally Supported
UKRIqYOMoN6,5 - Centrally Supported
lTp7H1qiO16,5 - Centrally Supported
hm9SkDMOp1x,1 - Scale-Up: Saturation
L049Fnbluk1,4 - Sustained
TmFP5VNkig2,4 - Sustained
Pl8xG2znFDg,4 - Sustained
NdpyEujaurj,2 - Scale-Up: Aggressive
PDWuxCBPTi5,5 - Centrally Supported
cPv2kR21zEq,2 - Scale-Up: Aggressive
JY7KNCuXEA8,1 - Scale-Up: Saturation
gkIrnqeNn5k,5 - Centrally Supported
ulDBGSbO7Cg,5 - Centrally Supported
RMxlO72PQhE,5 - Centrally Supported
eyMPb2hhfr2,5 - Centrally Supported
UFZztgU7XpG,5 - Centrally Supported
bKBGQVabS1h,5 - Centrally Supported
W2ShCxgbJ0a,5 - Centrally Supported
Lcm2T0r46ni,2 - Scale-Up: Aggressive
UlpXHlCsAke,4 - Sustained
sfgvgDuufBR,8 - Not PEPFAR Supported
z4IPfNhoerg,2 - Scale-Up: Aggressive
dmtvTxZ7n7T,2 - Scale-Up: Aggressive
hf6f74pOC3o,4 - Sustained
yS7OvU8FVz0,5 - Centrally Supported
T3rpPFGXHgi,4 - Sustained
lgO4luH9f1y,2 - Scale-Up: Aggressive
afWUUuo7tz9,5 - Centrally Supported
mTZSxDpJCrq,5 - Centrally Supported
FqMKYzT56Z6,4 - Sustained
c8cVTjCUozg,5 - Centrally Supported
N3MOBAi8yJY,5 - Centrally Supported
R91sBh09WZy,5 - Centrally Supported
BBfv80PFg66,5 - Centrally Supported
NTBTgY6S7Vn,5 - Centrally Supported
BMhEBt8FAup,5 - Centrally Supported
nx8z8CQBber,2 - Scale-Up: Aggressive
OuAm9g3Zcen,1 - Scale-Up: Saturation
igHc9oYpwYT,4 - Sustained
Y7K57aQNGVA,4 - Sustained
s3nzqnCeNOt,4 - Sustained
CoU4AXriQ0u,5 - Centrally Supported
H3VeSxBWJiL,4 - Sustained
CNHeZk2COPm,5 - Centrally Supported
NQuOhgH9LAr,4 - Sustained
yjzov8AcgLn,5 - Centrally Supported
vHYazCFY1m8,4 - Sustained
oTBUyKD3EPs,5 - Centrally Supported
VAUrhZxVoXy,5 - Centrally Supported
Rs29JgOsddl,5 - Centrally Supported
oIUZU6UVE5U,2 - Scale-Up: Aggressive
SlGtp05Ayae,5 - Centrally Supported
k4oi9b1HB3f,4 - Sustained
X91y74uHIbt,4 - Sustained
Vukz8mnt8xk,5 - Centrally Supported
wmw49XwjIYH,5 - Centrally Supported
X0Z4DDBiv7k,4 - Sustained
d7pofw6f00h,5 - Centrally Supported
HHPGkbx6pKb,4 - Sustained
upvQ9stCuNE,5 - Centrally Supported
jkCLUzX6Hrv,5 - Centrally Supported
bDcf0PerHa7,5 - Centrally Supported
FnmwYbypYCH,5 - Centrally Supported
xdsDbEqj94z,4 - Sustained
dZolVJyw5m7,4 - Sustained
mMmsD7rKpYx,1 - Scale-Up: Saturation
xPwy83bmR1d,4 - Sustained
HJuV5ylU0Yc,4 - Sustained
SOKt12pmoOH,5 - Centrally Supported
F7WTz92MqOr,4 - Sustained
pAJR81tDN5t,5 - Centrally Supported
FO8AJkZJzGR,1 - Scale-Up: Saturation
ywcdYFkOqd7,5 - Centrally Supported
eQ5fLKwm0nn,5 - Centrally Supported
liAvBPY4zZa,8 - Not PEPFAR Supported
oVia62jprx9,5 - Centrally Supported
ObVSezcFlOA,5 - Centrally Supported
ptI93gZHzpM,4 - Sustained
o0YSCGorC6Q,4 - Sustained
IlLV33vQVp2,5 - Centrally Supported
W2otdLlYh41,5 - Centrally Supported
jPYfnOCrt6j,2 - Scale-Up: Aggressive
P2iiyaBzqeM,4 - Sustained
DoRpFZ7oWuV,2 - Scale-Up: Aggressive
F4zh6yQKDmK,8 - Not PEPFAR Supported
iakeBbexIaL,4 - Sustained
Yha1lNbvEtG,4 - Sustained
ORJvZq2ZXMQ,4 - Sustained
u3etGAhVhPn,8 - Not PEPFAR Supported
T3qssel7fFs,4 - Sustained
vBKoXrr7QYj,5 - Centrally Supported
NMK1i1gm9Gx,4 - Sustained
j0tgqSkxSKt,4 - Sustained
sSTUKlIdSF6,5 - Centrally Supported
vaOi2iTXZdl,2 - Scale-Up: Aggressive
WTW0UJz4dCS,5 - Centrally Supported
GpoMSxvvPmW,2 - Scale-Up: Aggressive
w4rHdF3JZTI,4 - Sustained
c6DMTj9cY3b,2 - Scale-Up: Aggressive
Q7VXp9STD3H,4 - Sustained
vXKuYYj04CG,4 - Sustained
ryfoQCDYTpv,2 - Scale-Up: Aggressive
svoBxbxfCkP,5 - Centrally Supported
aqzPj9I6S8Q,5 - Centrally Supported
Sy7lGOVSi2u,4 - Sustained
yyGGkCji2Lr,4 - Sustained
NzyKAcOjt4g,4 - Sustained
Nbgnzm7ebxx,2 - Scale-Up: Aggressive
lgura1ukYJI,2 - Scale-Up: Aggressive
yEpkxmUE5tS,4 - Sustained
BwIwxVGFTsU,4 - Sustained
Yasq1KVjiCo,5 - Centrally Supported
PvSNtwtMg9n,5 - Centrally Supported
yI1wSMiLD2M,5 - Centrally Supported
WHEvQ4xuftU,4 - Sustained
vkoWnuZ1M8A,4 - Sustained
EIGm219MrHJ,5 - Centrally Supported
Vz4ZlqkxAgU,5 - Centrally Supported
O3dwjOiEjcZ,2 - Scale-Up: Aggressive
veWf5tpTK3i,2 - Scale-Up: Aggressive
iza7ZiUW7ga,5 - Centrally Supported
KGSYN148WWI,4 - Sustained
g8kEynhl2fQ,2 - Scale-Up: Aggressive
tibcKQPo6Pc,4 - Sustained
jvapa9L66cT,4 - Sustained
Fg0l3UyxSeC,5 - Centrally Supported
NrE1mYPTbmm,4 - Sustained
SKic9NJ5iFm,5 - Centrally Supported
lrGH9Ti96PN,4 - Sustained
qcPKesfZQzm,5 - Centrally Supported
CsBCWPawSB5,5 - Centrally Supported
VuVtJcbD6Kc,5 - Centrally Supported
IaSOHR0zLfl,5 - Centrally Supported
gLniZbgaETX,4 - Sustained
EU7JY1Qdr8b,4 - Sustained
ccw7yUG0KVy,5 - Centrally Supported
n8Tqm5omLuq,4 - Sustained
SW4gxZLmh5n,4 - Sustained
WifIkCndOtu,8 - Not PEPFAR Supported
tFXzXMAGTTF,2 - Scale-Up: Aggressive
RBk7RvDFcOB,4 - Sustained
O04WyXMRugF,5 - Centrally Supported
aBpCxblO2s8,5 - Centrally Supported
x5wzIuFJXFC,4 - Sustained
a3KAvxgFF4o,4 - Sustained
Z3cmgLpHjOv,4 - Sustained
hSyAYRixk7H,4 - Sustained
yN7HDc2hvn7,2 - Scale-Up: Aggressive
Gd5bpe49Bmy,2 - Scale-Up: Aggressive
O7rNett0mDS,8 - Not PEPFAR Supported
ymPE0L6vLa5,5 - Centrally Supported
x3R8054ZHpu,4 - Sustained
hr1pqXVjKKt,4 - Sustained
JD9vG2cCihC,4 - Sustained
ddgXIzjip5P,4 - Sustained
hpseD6hqaRu,2 - Scale-Up: Aggressive
hFx7g1Knti7,2 - Scale-Up: Aggressive
uBUos274fqc,4 - Sustained
BOyvvIRsw1p,5 - Centrally Supported
TxmLp4e1I6D,4 - Sustained
fVZF0J8nAjk,2 - Scale-Up: Aggressive
ifjo3QrGpBr,2 - Scale-Up: Aggressive
NGrryTDPYcU,4 - Sustained
PRofsZiHeip,5 - Centrally Supported
vomXmFBCiH9,4 - Sustained
Z2mvz87xtl8,1 - Scale-Up: Saturation
a0yUltWyx3g,1 - Scale-Up: Saturation
XcrgspTypcU,4 - Sustained
im6fQmu6heP,2 - Scale-Up: Aggressive
aAOkolw08nj,4 - Sustained
Z7L3OAHFIJe,1 - Scale-Up: Saturation
XHFakGf7KkJ,4 - Sustained
cJgth11bQac,4 - Sustained
BFTVWyvEMRZ,2 - Scale-Up: Aggressive
mkUn7PsBGnV,1 - Scale-Up: Saturation
mGEd6CeqCYo,4 - Sustained
f8dtmkMkgXu,4 - Sustained
kcTqcdUvYE8,4 - Sustained
DWnwnmtfNFh,4 - Sustained
eJDQt9b4NOK,4 - Sustained
RFDSMNxtnaZ,4 - Sustained
rUzLbMF2iHn,1 - Scale-Up: Saturation
WTfmBie57wt,1 - Scale-Up: Saturation
aZ7yJ8q3Yrl,4 - Sustained
oS7MPCIcZRT,1 - Scale-Up: Saturation
wZ4hAehFRRv,2 - Scale-Up: Aggressive
zG4R1f1Cz9g,1 - Scale-Up: Saturation
mlnhfBUgdpk,1 - Scale-Up: Saturation
jbn6Uvu0IIS,5 - Centrally Supported
OSXXwcoMAo5,4 - Sustained
HS5T7W4ceyO,4 - Sustained
os2ppFjv35K,4 - Sustained
kawLNa3krso,4 - Sustained
A4o1lWAWwOu,1 - Scale-Up: Saturation
OfE7gm19HxZ,4 - Sustained
LLAfMZYEOqK,4 - Sustained
vHCoUphe8r2,5 - Centrally Supported
zg772H2AhCE,4 - Sustained
WMZsoUlBf5R,1 - Scale-Up: Saturation
v8JHcHhMx3C,4 - Sustained
OvV6SkCFx2Q,1 - Scale-Up: Saturation
Dxuy4EXzpNv,4 - Sustained
xaWC1R7F1RL,4 - Sustained
QTq6VNTrxbz,1 - Scale-Up: Saturation
U36al7yKdDe,4 - Sustained
oj22VhR93pd,1 - Scale-Up: Saturation
cTXIo4uuMnG,4 - Sustained
qkKPP1Hla4e,4 - Sustained
USPIEmR5QHL,5 - Centrally Supported
xHgdWfy2H9o,4 - Sustained
Z4aXKFcEzuu,4 - Sustained
O75AQz86VGU,4 - Sustained
AGWZBVlXFLi,4 - Sustained
fLmcHi3Cuw8,2 - Scale-Up: Aggressive
VNYVBpMkScZ,2 - Scale-Up: Aggressive
TcWFlfbo2Uv,2 - Scale-Up: Aggressive
wuocP5rqcwE,2 - Scale-Up: Aggressive
g43oZxaBwWz,2 - Scale-Up: Aggressive
FXZMO37MRGc,5 - Centrally Supported
wa27pIuCADS,2 - Scale-Up: Aggressive
rvKwvAFACQD,2 - Scale-Up: Aggressive
qZ1nNbKvWgH,2 - Scale-Up: Aggressive
tkCsZFNE6xZ,2 - Scale-Up: Aggressive
bvtYieiR3Xw,5 - Centrally Supported
S6acB7Gm4Uw,2 - Scale-Up: Aggressive
Yb0CyMwuScE,2 - Scale-Up: Aggressive
VqYQFdf4H2e,2 - Scale-Up: Aggressive
Sm7BLYzUlhh,2 - Scale-Up: Aggressive
N4NfZi7gFkJ,2 - Scale-Up: Aggressive
YdBItYPG5fx,2 - Scale-Up: Aggressive
DZQQk8pntpD,2 - Scale-Up: Aggressive
dASd72VnJPh,2 - Scale-Up: Aggressive
sHqutkoLysi,2 - Scale-Up: Aggressive
PkMWvz5RuBJ,2 - Scale-Up: Aggressive
xgANiKHEBHU,2 - Scale-Up: Aggressive
H75KCQrm07K,2 - Scale-Up: Aggressive
A0BC4zSGPwM,1 - Scale-Up: Saturation
gn42ZCLVhzf,4 - Sustained
SeUHzwEWOUn,2 - Scale-Up: Aggressive
mVgMb1mDaDX,4 - Sustained
IZOS05Z8QAL,4 - Sustained
ZIMjWiBet30,2 - Scale-Up: Aggressive
yBnmZCQmDeX,2 - Scale-Up: Aggressive
Nx2P930hOHB,6 - Sustained: Commodities
S0nWEBcp4qo,1 - Scale-Up: Saturation
I5jmTunFZY2,4 - Sustained
RP7IFVrrOux,6 - Sustained: Commodities
h8m60u0XlJf,4 - Sustained
SCyVt9pr8xD,5 - Centrally Supported
WdtNaOc3FbT,6 - Sustained: Commodities
zF5mSLNG4Cl,1 - Scale-Up: Saturation
XFTvFUirnjA,1 - Scale-Up: Saturation
M5TOiiYVWwN,1 - Scale-Up: Saturation
UHkc4iGio0L,6 - Sustained: Commodities
xy2ubunOGVi,1 - Scale-Up: Saturation
jN4aiIfSLRL,4 - Sustained
DW4iKNGrY42,1 - Scale-Up: Saturation
qIpTCaEVo8q,6 - Sustained: Commodities
inIsXJ57Si9,6 - Sustained: Commodities
q93HBF7r7P4,6 - Sustained: Commodities
gbepWpyaGdj,1 - Scale-Up: Saturation
OCzaanZX0v0,1 - Scale-Up: Saturation
RP2cXnuZq8a,1 - Scale-Up: Saturation
H9vJQr39c4B,1 - Scale-Up: Saturation
sXq9qYR3Q3K,2 - Scale-Up: Aggressive
mMORYzJBnzi,1 - Scale-Up: Saturation
Tbq3JMDALZt,4 - Sustained
sphpbVxO6pn,2 - Scale-Up: Aggressive
kaVgIVGXcf7,4 - Sustained
iO2edHMzzoa,2 - Scale-Up: Aggressive
soCirDJfP4S,4 - Sustained
OYaCYF6BNST,4 - Sustained
ZFzQpYAw1RT,2 - Scale-Up: Aggressive
y20aapE6KYr,2 - Scale-Up: Aggressive
IBZqPDOCobI,2 - Scale-Up: Aggressive
nfKmgVvY7zs,4 - Sustained
oSVLBSVLtZi,1 - Scale-Up: Saturation
Toe5zU8RLT5,2 - Scale-Up: Aggressive
cS6agZiN32t,1 - Scale-Up: Saturation
Y2tnI4r0GkW,4 - Sustained
A1gVLZ5bHiS,1 - Scale-Up: Saturation
VljEgS6qanC,1 - Scale-Up: Saturation
M0xXLu8QbHW,2 - Scale-Up: Aggressive
hhmLIpoAvAg,4 - Sustained
wpg5evyl1OL,1 - Scale-Up: Saturation
FjSmRywOWUp,1 - Scale-Up: Saturation
DiFv5WXIHM5,1 - Scale-Up: Saturation
tKOXiaNhAyJ,1 - Scale-Up: Saturation
YGI7vISD2kJ,1 - Scale-Up: Saturation
mvPRqBFtVC0,4 - Sustained
PekKUkKHAzY,4 - Sustained
zphK9WV8JB4,4 - Sustained
JQKLKuVuY61,4 - Sustained
ScR9iFKAasW,1 - Scale-Up: Saturation
kxuuIFpOXyO,4 - Sustained
YCKiBAp8QAg,4 - Sustained
am530wpaGvr,4 - Sustained
fiRkU6gEjLz,4 - Sustained
msW2zpIN7up,4 - Sustained
GkIwZrXy1h2,4 - Sustained
cPtvxaZqXIH,4 - Sustained
ZCjuwgaMB9u,4 - Sustained
vA4NcHxfMBq,1 - Scale-Up: Saturation
E7zpfyBt7Tw,4 - Sustained
lPTyjLi4w3d,4 - Sustained
ir8wuHHzoSs,4 - Sustained
mxqa3CDFmIT,1 - Scale-Up: Saturation
U8c0so51kT6,1 - Scale-Up: Saturation
oiPR2CiVJbf,6 - Sustained: Commodities
TYnMSwzko3z,2 - Scale-Up: Aggressive
lLDyBx5XyUi,2 - Scale-Up: Aggressive
umc2n1Z4wNv,1 - Scale-Up: Saturation
wNqJp8oRIcF,4 - Sustained
gwVYinjBAe9,4 - Sustained
rpw540fmNUz,4 - Sustained
AZyWpGzhcaA,1 - Scale-Up: Saturation
ul0y9diGujK,1 - Scale-Up: Saturation
fyEoGEPERdI,1 - Scale-Up: Saturation
e29LLJAHdD1,2 - Scale-Up: Aggressive
C7EQJm08Lwv,4 - Sustained
xamxMtXf90S,2 - Scale-Up: Aggressive
ekAcXW11CZ1,2 - Scale-Up: Aggressive
vWzkPAeBxlo,4 - Sustained
NAIy78Rvj1R,2 - Scale-Up: Aggressive
UoLzZMWjMVe,4 - Sustained
zOra9muIVhA,4 - Sustained
O2z5wEyPOg8,2 - Scale-Up: Aggressive
gC1CuJI7U4O,2 - Scale-Up: Aggressive
VP9rX1d18Xv,2 - Scale-Up: Aggressive
yFhTDhuvGvh,2 - Scale-Up: Aggressive
bnhBwZyeeZ2,4 - Sustained
GwyF7sE2V85,4 - Sustained
YG04j6NLdOx,4 - Sustained
fc2uOqmPmxj,4 - Sustained
LOKCcb4nHry,4 - Sustained
gtxCqTaXVv8,1 - Scale-Up: Saturation
kZU2LRwlrWA,2 - Scale-Up: Aggressive
VQM7cGAZxxK,1 - Scale-Up: Saturation
g4w1I2XuxMI,2 - Scale-Up: Aggressive
NFE2l2CJAiC,4 - Sustained
L7h5gCdfKAF,1 - Scale-Up: Saturation
kKXWgaF11TT,1 - Scale-Up: Saturation
Me6VFCZmgew,2 - Scale-Up: Aggressive
qD019OVbYwC,2 - Scale-Up: Aggressive
VjJPal9jqUi,1 - Scale-Up: Saturation
hOfUeu7NQ2R,4 - Sustained
WafdUke7p0k,4 - Sustained
uMXJsbSbXBS,2 - Scale-Up: Aggressive
OgL15C7NJo9,4 - Sustained
TVVHkSQr6IF,4 - Sustained
OAhW5JvumGi,4 - Sustained
vGkKz3Vx0Nt,4 - Sustained
pRR2y748unY,1 - Scale-Up: Saturation
dOgwIHGxt8L,4 - Sustained
VGCfgWcPjUQ,7 - Attained
wVxPZjTP5ox,7 - Attained
zuf9ikWuKWN,1 - Scale-Up: Saturation
KtlpdTLliJg,1 - Scale-Up: Saturation
hUbRsJh7Oyj,4 - Sustained
dTzshM5bexD,4 - Sustained
eN26Kt2lvOM,1 - Scale-Up: Saturation
nk7idKGxafr,1 - Scale-Up: Saturation
lvtegcppyBD,2 - Scale-Up: Aggressive
RTCsjF28gNA,1 - Scale-Up: Saturation
X7cjhY4Bip4,2 - Scale-Up: Aggressive
I313yxsyBlq,4 - Sustained
NIDi9K5PqmV,2 - Scale-Up: Aggressive
VOuzVI7sb0E,4 - Sustained
j59u9FWJDci,1 - Scale-Up: Saturation
IRbF9zWyxlL,1 - Scale-Up: Saturation
Bpe70vg3BZC,2 - Scale-Up: Aggressive
tIcnRbD9VA5,4 - Sustained
KipLfqm48wI,2 - Scale-Up: Aggressive
rPJ8B53FKqF,1 - Scale-Up: Saturation
b0DaXHh8J8Q,1 - Scale-Up: Saturation
FYmZonhCRcn,2 - Scale-Up: Aggressive
BdhM2BIXWgw,2 - Scale-Up: Aggressive
JiyIWhXzTWd,1 - Scale-Up: Saturation
b9sP7gLskme,1 - Scale-Up: Saturation
ar9MMZxpljr,2 - Scale-Up: Aggressive
xIowtHPEVqN,2 - Scale-Up: Aggressive
nOE2NPIf8vq,1 - Scale-Up: Saturation
CotlFJ64kUi,4 - Sustained
zvN1CKVc0o5,4 - Sustained
TpXEdX36fEz,4 - Sustained
RthlF0LdPnR,1 - Scale-Up: Saturation
tXKwBtQqb2o,4 - Sustained
YLkTM4jAvvq,2 - Scale-Up: Aggressive
dOIfGVyGIpn,4 - Sustained
rdJibBp1ZPV,4 - Sustained
EBH5pfGP97m,4 - Sustained
j5uYmqh5tq6,2 - Scale-Up: Aggressive
ztnYInN25Ev,2 - Scale-Up: Aggressive
twsAundvOb3,4 - Sustained
TC4V2Gtm5am,2 - Scale-Up: Aggressive
vbDb0zzpQej,4 - Sustained
rzyQVCV9LjG,2 - Scale-Up: Aggressive
Un8VIqAxgEx,4 - Sustained
i25wGrBbMs1,4 - Sustained
jwLNNIw1MjY,2 - Scale-Up: Aggressive
DkiQIZm6OXK,4 - Sustained
oWKesP8CeL0,1 - Scale-Up: Saturation
IBMUL2QvXz9,2 - Scale-Up: Aggressive
UlTlUIybBkP,4 - Sustained
AYDAvImG7tH,4 - Sustained
ccB4ESz9ZwC,4 - Sustained
S97ZWSnm6N8,4 - Sustained
yz6zrfor2jA,4 - Sustained
bQzuJ86gGEs,4 - Sustained
WYLJVeRp9kP,4 - Sustained
U7YoaJ2BQBb,4 - Sustained
W3l4gXZtBCB,4 - Sustained
epuWlUacuTU,4 - Sustained
TbQ9Og6Mg2r,4 - Sustained
gsAweMCroa7,4 - Sustained
lO3xjgJ61jK,4 - Sustained
Sv3e9Erafn0,4 - Sustained
qwJ8zDHclEj,2 - Scale-Up: Aggressive
yui33D90Efv,7 - Attained
xlBlEsK62tb,4 - Sustained
lZAKLVCoHVw,4 - Sustained
Bp2zX2SlSsT,1 - Scale-Up: Saturation
c4qdq9NbKuX,1 - Scale-Up: Saturation
QJviLU1xwFA,2 - Scale-Up: Aggressive
iuqTSkAZRvK,7 - Attained
NPEM8us3KEs,7 - Attained
mlYjNL8jqjz,4 - Sustained
ZMR1mJVDTD8,1 - Scale-Up: Saturation
AzFUzPztm80,4 - Sustained
aKC8chhkCCA,1 - Scale-Up: Saturation
qDeuLTyvoRX,4 - Sustained
uu7IFA6tunO,4 - Sustained
vJOqqNfY8zQ,2 - Scale-Up: Aggressive
K5LimiVoQ2t,4 - Sustained
Wru7gAGKine,7 - Attained
tKTswBE0Hyj,1 - Scale-Up: Saturation
pKaj9VHiTCV,4 - Sustained
qf4tOFtS27c,4 - Sustained
rFFiVUlPDcU,4 - Sustained
UE2S1UbQGn5,1 - Scale-Up: Saturation
d94VYtVMct3,2 - Scale-Up: Aggressive
I9mtTPfmpqm,4 - Sustained
sxQMns2jOMB,4 - Sustained
SnbIkc5HFdC,2 - Scale-Up: Aggressive
A2WP9rKyeCd,2 - Scale-Up: Aggressive
ZZlLKqhLyve,2 - Scale-Up: Aggressive
nfk2rLcVuFx,2 - Scale-Up: Aggressive
TNxjWVnFcH3,4 - Sustained
IbTdghFlhMi,4 - Sustained
MrzLUXqobYg,2 - Scale-Up: Aggressive
ld9H4kG1Bnr,4 - Sustained
j7R6NW899TU,2 - Scale-Up: Aggressive
p1khrkzyj1C,1 - Scale-Up: Saturation
yyR3ZgRyBzQ,1 - Scale-Up: Saturation
xiz4opVckuD,2 - Scale-Up: Aggressive
eKkUVSMc9VE,2 - Scale-Up: Aggressive
YDiTYO8iXlo,2 - Scale-Up: Aggressive
bigmUwX7nZi,4 - Sustained
MLWfwGSAExm,2 - Scale-Up: Aggressive
Ld3DBzAtu2q,2 - Scale-Up: Aggressive
PbiAN2iuMNC,5 - Centrally Supported
o7vpmMqL7Sf,4 - Sustained
ToudRH4CDr9,5 - Centrally Supported
BXwmiCump7T,4 - Sustained
CEOSxWmPxZF,8 - Not PEPFAR Supported
ltNu9G8IFBM,4 - Sustained
MoS2ZmKSIk3,4 - Sustained
neoAjslMkRL,4 - Sustained
EU2LFjnUoDe,2 - Scale-Up: Aggressive
EIzDG2iU7QA,2 - Scale-Up: Aggressive
uTYaIAY3Rdg,1 - Scale-Up: Saturation
RNOHZDcvD0C,2 - Scale-Up: Aggressive
hmJydtJou7V,5 - Centrally Supported
INU6NqUEjiG,2 - Scale-Up: Aggressive
liTRatgsSjS,1 - Scale-Up: Saturation
DHUg0ISpE9D,[NOT DEFINED]
ho9XZGO2xwb,4 - Sustained
af7g5n3qvRr,[NOT DEFINED]
BRlm2H3PtTw,5 - Centrally Supported
nefXINwu0Lq,1 - Scale-Up: Saturation
KYONoFZCJgv,1 - Scale-Up: Saturation
EH9NQ6mDfGj,5 - Centrally Supported
Hb7N9vIk71A,5 - Centrally Supported
dZqqyXzAgDx,5 - Centrally Supported
NUNNhuEIKSi,1 - Scale-Up: Saturation
DbKN1FBhTpa,2 - Scale-Up: Aggressive
YUe7e0hebL4,1 - Scale-Up: Saturation
yC4ye65DZNI,1 - Scale-Up: Saturation
pu4bDzrPVNO,4 - Sustained
iMaVLYizifi,4 - Sustained
zgdgaDyKL7W,5 - Centrally Supported
BKA8mKOpaX9,4 - Sustained
rLlgwmoLsNZ,2 - Scale-Up: Aggressive
p7M264Wg1qB,4 - Sustained
dv4N89160b6,4 - Sustained
g353MwNv1ST,4 - Sustained
I0NB6gmLUsA,4 - Sustained
w4bclNyjW8p,4 - Sustained
fpBVTbTedSf,4 - Sustained
qrAb13XpOC2,4 - Sustained
PekU6CGZl4z,4 - Sustained
DqggvhYh4iJ,4 - Sustained
m6LBTfgy4N4,4 - Sustained
LH0JbbkkKBP,4 - Sustained
FlBE3mL1gu7,4 - Sustained
IlQNjQ4xhtJ,4 - Sustained
f8yDBoPVWu1,4 - Sustained
ygm0La5inNU,4 - Sustained
XBIWanrEkbP,4 - Sustained
ALVyRcoCEeE,4 - Sustained
LtNhTo6ObDy,4 - Sustained
DbuyCcoGr3o,4 - Sustained
Z5atgpujIuB,4 - Sustained
KF4B3lAghd8,4 - Sustained
fpXkddgSxc2,4 - Sustained
KTBSBPINZ9K,4 - Sustained
FJORitdoOgZ,4 - Sustained
RFu8InHRI0P,4 - Sustained
uU7VK6bHY0b,4 - Sustained
QyiNd4lpoYO,4 - Sustained
KXQgiiDCxNB,4 - Sustained
Hav0LhcZr8l,1 - Scale-Up: Saturation
UEO4kGjgWGz,4 - Sustained
zxPmBggJpRL,4 - Sustained
UcOzBtlIxjs,4 - Sustained
U76V7Aagy0M,4 - Sustained
bTbhVIeXl5B,4 - Sustained
QzoJtRtnwEK,4 - Sustained
uURIdxN44t7,4 - Sustained
OcjOTIIz6PZ,4 - Sustained
yNiTlEQJJOr,2 - Scale-Up: Aggressive
qEnUjTAp97f,4 - Sustained
Aa1whDXzJ2c,1 - Scale-Up: Saturation
R3xzKk95P1a,4 - Sustained
iyBox8IdIwz,4 - Sustained
VrBYQf8rbPc,4 - Sustained
fxkXzAmjGtQ,1 - Scale-Up: Saturation
HqzA0kbnPTT,4 - Sustained
HzF1QcC3jfm,1 - Scale-Up: Saturation
DFMlCbHb8A8,4 - Sustained
WympM6A8Dyz,4 - Sustained
ia5DjoyiJml,4 - Sustained
sgqANA29vHG,4 - Sustained
Z69WtGQ0Urd,6 - Sustained: Commodities
JyswUUSs0Ga,4 - Sustained
cAtDMHGqXDY,4 - Sustained
LnzMu6ek3Y9,4 - Sustained
UjwHpQb8RFM,4 - Sustained
EXvdc4ppwoz,4 - Sustained
GzWt3GqoM7i,4 - Sustained
kKXpnEpWHau,4 - Sustained
zfiun4GPDku,4 - Sustained
NF6SfRY1kto,4 - Sustained
ECHIr3eP4t4,4 - Sustained
DR7pw2aSUwX,4 - Sustained
JyWT5Q3Xqkf,6 - Sustained: Commodities
R1QrxLfGQAu,4 - Sustained
HJYYvGcFd4u,4 - Sustained
DPtWPT96gZF,4 - Sustained
jjP9tmzofKz,6 - Sustained: Commodities
Ci3pNStApME,4 - Sustained
BzVMcmlV7bF,4 - Sustained
S809bXXP7Fv,4 - Sustained
keN9s8FpxDq,4 - Sustained
WLCeQxnQcYa,4 - Sustained
oxcaQN6VXDF,4 - Sustained
R44BnPDW4MP,4 - Sustained
GP2BJihG1v6,4 - Sustained
F5eeDhZQibe,4 - Sustained
DSafrXaCblk,4 - Sustained
ATFOMtmPNUT,4 - Sustained
axJ2Bz7NMBy,4 - Sustained
Rag21iTLDMN,4 - Sustained
dIi3XUCSsXQ,4 - Sustained
xq8JtKyFs3r,4 - Sustained
e340iNYBFKT,6 - Sustained: Commodities
NncixRTUNA8,6 - Sustained: Commodities
h5mI0PnkLy2,4 - Sustained
UPDz1QKEaPi,6 - Sustained: Commodities
a7N7uRgXtvy,6 - Sustained: Commodities
zr3XYkgbfIc,4 - Sustained
qRUSFz9WFB6,4 - Sustained
lUn6tmhyebg,4 - Sustained
OG6fY4TsvRM,4 - Sustained
QBFbFh5zJWX,2 - Scale-Up: Aggressive
i0MUgv6vIAM,4 - Sustained
YbtVeNOCICl,4 - Sustained
PJJsxvEhEW5,4 - Sustained
bU41bAD1r84,2 - Scale-Up: Aggressive
DluyXbyv63Q,7 - Attained
gpgLJrma8Tm,1 - Scale-Up: Saturation
v7xGqiid6Pg,4 - Sustained
ZewNOZ5xMp9,1 - Scale-Up: Saturation
Q2Gb99dokfK,4 - Sustained
PuJqb4zMn4A,4 - Sustained
TaAqWZoyAof,4 - Sustained
nWLwNNNzJ7N,4 - Sustained
L9g3RB3Jqy3,4 - Sustained
Sf0fPuVTEf1,4 - Sustained
RM45QszoeEi,4 - Sustained
eFnaQTWW1DC,1 - Scale-Up: Saturation
cvkiCumu2an,4 - Sustained
apUWJiF9sQ2,2 - Scale-Up: Aggressive
FJ28GRyMVq9,4 - Sustained
B6B6G0suyIH,4 - Sustained
cff8nY3Y9t6,4 - Sustained
IoVUPBw3cBJ,4 - Sustained
nUCOl5r6nTX,4 - Sustained
MdJ6fZJNIWg,4 - Sustained
JvtwguXEkD5,4 - Sustained
GeeiQ1SxW8a,4 - Sustained
qhRYYAbgQVH,4 - Sustained
WQwHVPPsqW2,4 - Sustained
e7J1RT47WsJ,4 - Sustained
NIaJ9yoGyDs,6 - Sustained: Commodities
R40riAkajr9,4 - Sustained
XZLfq0naEiG,4 - Sustained
uUHJXESBL6v,4 - Sustained
proG1Con5sh,4 - Sustained
virmrpkYGXf,6 - Sustained: Commodities
KmN1vtO0Xv3,1 - Scale-Up: Saturation
CXhkcOKexa8,1 - Scale-Up: Saturation
HySQRcghuzV,6 - Sustained: Commodities
GIXuVsi53km,4 - Sustained
dhr29sgXCMz,6 - Sustained: Commodities
QYalSmXneXl,4 - Sustained
Z9MZT1BTsJ5,4 - Sustained
gsS9Cpuu01y,4 - Sustained
pQ5yVgpTBiz,4 - Sustained
ErgzW0NbtKg,4 - Sustained
rtUy9A3YHEU,6 - Sustained: Commodities
rGJKS4OLyqd,4 - Sustained
fSlbRfrxgBX,4 - Sustained
Q7RlCFBv0PT,4 - Sustained
qUFyVUUSqUb,4 - Sustained
pA7KmJWZWi5,4 - Sustained
c8wRDtzO14l,4 - Sustained
yyaZXER8YfR,4 - Sustained
zKZKB0aNzsZ,4 - Sustained
URj9zYi533e,4 - Sustained
bDoKaxNx2Xb,4 - Sustained
ZrkJxE1QhrW,4 - Sustained
oygNEfySnMl,4 - Sustained
tIuMJ7BIDWY,4 - Sustained
UHy5pRsQvje,4 - Sustained
MTm3lyt1uyA,4 - Sustained
vPNckbEJmgJ,4 - Sustained
k8q2pBQgUN8,4 - Sustained
I0BlgP4H1OY,4 - Sustained
DUdIkrprTo5,4 - Sustained
IgQnoCiFkNF,4 - Sustained
LVqMvb9kkzH,4 - Sustained
pQHIzaJsi8t,4 - Sustained
NYHYee8uWfQ,4 - Sustained
lMKXLq9dXVW,4 - Sustained
a661mTq8jD4,4 - Sustained
MgiGNCxuQsJ,4 - Sustained
vB0zMLI52Y0,4 - Sustained
GxvqAACzQY4,4 - Sustained
fYRobXvSy5e,4 - Sustained
Ne0WWZQ8HJ5,6 - Sustained: Commodities
n6VEZ4pTBrX,4 - Sustained
WOZEZlUXOvg,4 - Sustained
qkLeWHFPNM6,6 - Sustained: Commodities
c8v5QxYg2ce,4 - Sustained
bCyBh5BKp0Q,4 - Sustained
l5vfZdLFrQB,4 - Sustained
cgWurQSVEBH,4 - Sustained
w537PeRTb2k,4 - Sustained
Z8NBMmojNEN,4 - Sustained
gaRACh9QB6a,6 - Sustained: Commodities
WCjxJ6kxKRS,4 - Sustained
GBgnruQv8ym,4 - Sustained
FLIkT6NShZE,4 - Sustained
QeuyxdulDDC,4 - Sustained
ZoU6u0WrIM1,4 - Sustained
Ewz6HKTS15C,4 - Sustained
hu1xt1ogF4p,4 - Sustained
j44sQg7jgxN,4 - Sustained
HlABmTwBpu6,4 - Sustained
pLAiWmFjn0V,4 - Sustained
HhCbsjlKoWA,4 - Sustained
H3vPz5cLc8w,4 - Sustained
XSjMKY9mf7k,4 - Sustained
ai7N2iAo0JE,4 - Sustained
WSdmE5ogw0T,4 - Sustained
WihGaIxuEIs,4 - Sustained
fEruEcd3780,4 - Sustained
PWOBEq85BOf,4 - Sustained
ITdnyCiBvz7,4 - Sustained
xu2XtcwkKms,4 - Sustained
Jw8aS21k2oW,4 - Sustained
OY7K8rR5ukn,4 - Sustained
nX918whVxYP,4 - Sustained
uosU9sINAPe,1 - Scale-Up: Saturation
JkmyrqDGshk,1 - Scale-Up: Saturation
V91ICEXLeks,4 - Sustained
qK6jo6jLIav,4 - Sustained
sQbPVIKsxwT,4 - Sustained
hQDiS6TSZdz,4 - Sustained
MMtwgHXDdXV,4 - Sustained
NeOiTtsL5sa,4 - Sustained
VQgRF8xzLJH,4 - Sustained
ar43MQufI9v,4 - Sustained
kbvQ8m0PGSU,4 - Sustained
VFdjWHMxQJ7,4 - Sustained
ipw9D3TRP8p,4 - Sustained
fgDvaz58q64,4 - Sustained
gArfGStpgDM,4 - Sustained
Dz65VTZfbUd,4 - Sustained
QT7WqfzOT7X,4 - Sustained
EyHfmrBzsuk,4 - Sustained
Ymb6umwsISK,4 - Sustained
dzjXm8e1cNs,4 - Sustained
CRvHqQVBlD6,4 - Sustained
laM7jR9mtfj,4 - Sustained
V7JZ4QSddM4,4 - Sustained
JVBsHZWT7pB,4 - Sustained
W0Bnlz2CdRD,4 - Sustained
ZzZelaZBCYJ,4 - Sustained
GEwjVcMYoao,4 - Sustained
vpCKW3gWNhV,4 - Sustained
qNzCWtO8dMh,4 - Sustained
iz3ehfkjBvm,4 - Sustained
eUmxQeRPiBM,4 - Sustained
VTczXNlh45U,4 - Sustained
fIJ193PGC3L,4 - Sustained
k396XseVgOV,4 - Sustained
Hl9Yfii9vCN,4 - Sustained
uTRRg2zhU4D,4 - Sustained
MHK8b5HRHWg,4 - Sustained
jU19ZJn6TI8,4 - Sustained
FHkaaPwowJN,4 - Sustained
GSZ1YWRPxPk,4 - Sustained
mVuyipSx9aU,4 - Sustained
xmRjV3Gx1H6,4 - Sustained
lx2r0T1GnaQ,4 - Sustained
ZpjKf61i2Uc,4 - Sustained
obbfFvgh8Um,4 - Sustained
WlY47shYnnr,4 - Sustained
wrEDuANgaVk,4 - Sustained
vPxA5Pt1JGZ,4 - Sustained
sW1EiA2DlI3,4 - Sustained
WvxEjK4hxfo,4 - Sustained
f0TB3r61i5b,4 - Sustained
aChfL7S45l8,4 - Sustained
z7cRKbwx8L7,4 - Sustained
A279VIsHpTI,4 - Sustained
t4pYfQ9Skx4,4 - Sustained
dlxwQg99WoE,4 - Sustained
pad3e5xOCdP,4 - Sustained
uFaSs80gLIx,4 - Sustained
vufh9kqDnPj,4 - Sustained
ILwIROK4TTR,4 - Sustained
U42lUlqw14s,4 - Sustained
QaeAxjVVGmA,4 - Sustained
Bc82bF99cN1,4 - Sustained
ahLDLd3w2Xt,4 - Sustained
Vpd9OutI5QE,4 - Sustained
tkNy2sER8xX,4 - Sustained
fk5t7pAg7Cm,4 - Sustained
k2dAp9r2mRa,4 - Sustained
tXeGc4P4bXe,4 - Sustained
xgIRJYISVOB,4 - Sustained
oPl04jv6omI,4 - Sustained
n81KW6HQJ9Q,4 - Sustained
igUyFcgaVHP,4 - Sustained
sWKNZPZj231,4 - Sustained
LRJl5ilFu2M,4 - Sustained
bKXKmhOnPpK,4 - Sustained
LQ07jvCf7L7,4 - Sustained
Ndb1V96smxI,4 - Sustained
i39m25bqb6I,4 - Sustained
qJxw5bx87ef,6 - Sustained: Commodities
QuSjorQMTIB,6 - Sustained: Commodities
bFp5n4wtPuS,4 - Sustained
WdewJdiYf0U,4 - Sustained
pK6V4j3qOzW,4 - Sustained
M7JgWP2RFy2,4 - Sustained
sD1YPwvBkpv,4 - Sustained
npR1mmZD3MR,4 - Sustained
pdPUuTMC9Y9,4 - Sustained
I2rGvpGOy25,4 - Sustained
IkjqwHIYoJZ,4 - Sustained
RMEbH3T3o0l,6 - Sustained: Commodities
u813QHCYeuq,4 - Sustained
cH8gyiz4Kyy,4 - Sustained
gXzbTBd3j3Y,6 - Sustained: Commodities
PEMshgXYnEs,4 - Sustained
bEYcwtSvhR6,4 - Sustained
zsRdNJpmNeE,4 - Sustained
ULLI5OowYdm,4 - Sustained
vDDwD4zbB1o,4 - Sustained
uYJi1Sc1OlZ,4 - Sustained
rHIUe15ZV19,6 - Sustained: Commodities
WeHFx8CmMqV,4 - Sustained
XDgdj9Pdsiq,4 - Sustained
BZ0DpSTBjIr,4 - Sustained
M6afPJHQb72,6 - Sustained: Commodities
bhS2NNwWzkb,4 - Sustained
Zelc7Ij8pQq,4 - Sustained
yY15GJ9MSfL,4 - Sustained
FNMrAWtZWQ4,4 - Sustained
g0DDonzdUA9,4 - Sustained
XyOr2mBaTzz,4 - Sustained
GoyPAqsi8hE,4 - Sustained
R81UH1R1lTl,4 - Sustained
O4lKV4nabSL,4 - Sustained
WK5gDvZgOD6,4 - Sustained
xJy5KJJn8gz,4 - Sustained
logPshzwZGg,4 - Sustained
merMznnVwIA,4 - Sustained
OQ5fZjjCoDR,4 - Sustained
cNr80ZanaDp,4 - Sustained
xwBUYtnRhqv,4 - Sustained
spxEj5Dlg70,4 - Sustained
JdodeJT1030,4 - Sustained
LRXpCvMxrYU,4 - Sustained
XKv4TrYPA47,4 - Sustained
D4zacvYxq0b,4 - Sustained
MvoR4rmtllj,4 - Sustained
ROj1N52eCYd,4 - Sustained
WKSMZvuda1v,4 - Sustained
Re4VU7MrOUM,4 - Sustained
deDUnu6PVkl,4 - Sustained
wYSTfYinFO7,4 - Sustained
VrDETBStvFP,4 - Sustained
FxENiNIpifl,4 - Sustained
L589JlvsLup,4 - Sustained
IhUKbniSTiQ,4 - Sustained
BxzOTRISQFy,4 - Sustained
syjevgeVeYf,4 - Sustained
DZdOPZ0KKX8,4 - Sustained
OycwDoCnlAB,1 - Scale-Up: Saturation
tkA4PRXk0W7,2 - Scale-Up: Aggressive
AUIjfqeZEFH,2 - Scale-Up: Aggressive
HOJVVYgS5vV,4 - Sustained
dAeoz9ttxAz,1 - Scale-Up: Saturation
KVW9Io1khx7,4 - Sustained
VHITI10xoZc,4 - Sustained
ISi4PDO97U5,4 - Sustained
sSg7pUov51f,2 - Scale-Up: Aggressive
u8skYaLV6QF,2 - Scale-Up: Aggressive
HjGwmHbL0Y4,4 - Sustained
fQ6LC2LWI8S,4 - Sustained
ZpDPMnrCgAN,4 - Sustained
ghorQdinizS,4 - Sustained
DvkBcDk4DRQ,2 - Scale-Up: Aggressive
uzCT1lOZhL5,4 - Sustained
b1Z9Yv3VcVr,6 - Sustained: Commodities
lJkmYJB9kHr,4 - Sustained
MxHHoeHUJ4J,4 - Sustained
wHyFh9VVK2m,2 - Scale-Up: Aggressive
tKAh5zuMYhT,4 - Sustained
K17UuwVu7Jf,4 - Sustained
tGdZvabgJw6,2 - Scale-Up: Aggressive
EusV10zkN3t,2 - Scale-Up: Aggressive
IbcfQbdZNdC,4 - Sustained
gZ8SPQ2CKQG,4 - Sustained
JBqBHvcmICE,4 - Sustained
TMbbzVpDDad,2 - Scale-Up: Aggressive
PM4sFTtfJQa,2 - Scale-Up: Aggressive
MZ2jaWNX1Oq,4 - Sustained
ljMQwl1DOCb,7 - Attained
rQBtRTixEgZ,4 - Sustained
ldTia6dCApK,4 - Sustained
Hv2MoShsZw0,4 - Sustained
bT2GvywtrWr,4 - Sustained
n1p57xvZS27,4 - Sustained
rWxhYYc4CUd,4 - Sustained
zDW6C2cJ9zt,4 - Sustained
JBG1Q6nxI90,4 - Sustained
nuDn0S9i6sk,4 - Sustained
UpkhGdjtFUs,4 - Sustained
JP7S5oKBlf2,4 - Sustained
kuQXJAjDaCJ,4 - Sustained
KeCUS5x3EgL,4 - Sustained
YRqSIEu2EBe,4 - Sustained
NhVur1uOseT,4 - Sustained
HTynaak9XDD,4 - Sustained
Fq5ztsHKN20,4 - Sustained
GMnfyPIKHxo,4 - Sustained
SbFrewIebN4,4 - Sustained
c4BzVjGvVi8,4 - Sustained
M7plide67qX,4 - Sustained
WJ7Ba8U4Yoq,4 - Sustained
xqcqxtydENu,4 - Sustained
ac13I392HZi,4 - Sustained
DGsvApy6NF9,4 - Sustained
ZF2mGWrqp1t,4 - Sustained
Ln5bTDtGDif,4 - Sustained
pYomDDNQ6hO,4 - Sustained
kAWl47kmoyv,4 - Sustained
D6rivmJFt33,4 - Sustained
cx0xFi6L7Fp,4 - Sustained
XY5wcfahN5W,4 - Sustained
ewh51nY512W,4 - Sustained
PJ710HPntzX,4 - Sustained
LM0SzUjIbAE,4 - Sustained
oV6tlXANpkd,6 - Sustained: Commodities
FpADQG6JcC5,4 - Sustained
O65wXRg0Ic3,4 - Sustained
AZsdgJCaQWl,6 - Sustained: Commodities
dZRlykTqZhw,4 - Sustained
cealFXAKL2I,6 - Sustained: Commodities
GAGxDMx8uvm,4 - Sustained
WLQLVZAd77i,4 - Sustained
yQa2xS9x96u,4 - Sustained
PWfDHBvn1hw,4 - Sustained
tr5rm0vaxGG,4 - Sustained
OqZ11xWhJlB,4 - Sustained
k9ilIScUQLb,4 - Sustained
dxMNL5PwvQa,4 - Sustained
AIWlVFpaxFZ,4 - Sustained
rhg7o351Ogx,4 - Sustained
VWzOuFbOVsE,4 - Sustained
wLldH8OpVNF,4 - Sustained
IlkoZAYAoQs,4 - Sustained
vpR6qB6b19O,4 - Sustained
vmUxBIASp0I,4 - Sustained
dxrlspj18NY,4 - Sustained
zvDjtdkAuTP,4 - Sustained
iydYKfCH5Cl,4 - Sustained
dFj2ILZVfUi,4 - Sustained
iZCbzoOssS4,4 - Sustained
CtGoE7JQAiX,4 - Sustained
KCu09ZdJTEL,4 - Sustained
AZ20YeJChyC,4 - Sustained
GOOy2mVNRd1,4 - Sustained
QiWl2gmww69,4 - Sustained
fV2Ogk0TO7p,4 - Sustained
ZA3JkbqwvuA,4 - Sustained
Kcr5bLQVHEd,4 - Sustained
bRYPnMBCWrq,4 - Sustained
XXgCDEMk4Ha,4 - Sustained
sjFUh2vg03X,4 - Sustained
ELWNSBUCfD3,4 - Sustained
p7y3haZd6OO,4 - Sustained
yNLdrMwLReu,4 - Sustained
p3M4FdE8RkC,4 - Sustained
rWgqvOVxhQN,4 - Sustained
SMv1QuqswmC,4 - Sustained
WZhoAUn8Opk,4 - Sustained
oJiN1pog19z,4 - Sustained
RBnV0s4V6wj,4 - Sustained
YMlSzHMFp3b,4 - Sustained
UTmAHL0WmBn,4 - Sustained
leA9yz8ggzz,4 - Sustained
vO4O9o8Y2Be,4 - Sustained
gevUQQwMYsl,4 - Sustained
fRmH1IcpdA7,4 - Sustained
D1XE609n41l,4 - Sustained
txdQuyYCpbb,4 - Sustained
Kxb2aLH6aQE,4 - Sustained
zBpF1qbeHxk,4 - Sustained
KW1MmI5AJ5C,4 - Sustained
h4GiCPKLpaj,4 - Sustained
giwECr4xdr7,4 - Sustained
ol9Cy7ZHtmM,4 - Sustained
vnYPxzWEwMO,4 - Sustained
DU7QFC4eurr,4 - Sustained
VsRXIP925Kr,4 - Sustained
iWTaRRoO3JH,4 - Sustained
FaxOzvxNTmQ,4 - Sustained
xcD0RUmcq3U,4 - Sustained
E7AUIdZIUma,4 - Sustained
ObllIYWxwRA,4 - Sustained
GBwKRrWGuVY,4 - Sustained
Nd9sbZcqorj,4 - Sustained
pp8zV2OXmvU,4 - Sustained
SExBRzuDiYb,4 - Sustained
kyuGgrpjwZF,4 - Sustained
O9l6BemolrN,4 - Sustained
UdnUbXV7O9o,2 - Scale-Up: Aggressive
UGwCX5IBQQj,4 - Sustained
y5pPli7WP1V,4 - Sustained
N0dXOBSVO7k,4 - Sustained
SL33bchlaKT,4 - Sustained
sZumF7t54ek,4 - Sustained
QUXP7f16K3Z,1 - Scale-Up: Saturation
xZFseUogJWo,4 - Sustained
wXnjvr9p2zU,6 - Sustained: Commodities
nNo5gV3to2B,4 - Sustained
I0tQo5iW5NZ,4 - Sustained
y3iWYd0poWG,7 - Attained
tFy20OB0Wyw,4 - Sustained
JAbWcsjaThI,4 - Sustained
EFiZIMdk7CK,4 - Sustained
QW6ipnJ667p,4 - Sustained
Ot1rO9XQIUx,4 - Sustained
hBETnzuLuGS,4 - Sustained
c4XamXWAJm5,4 - Sustained
wwWXkcdr5x5,4 - Sustained
N0H1zZzTWGq,4 - Sustained
loFfnXvTMpH,4 - Sustained
NiS8nFDiIJ6,4 - Sustained
nLtWhDsKEsm,4 - Sustained
FLrj0Vb8jh2,4 - Sustained
fhHfL7tA9l8,4 - Sustained
sUHLkFR6mEd,4 - Sustained
nw2xsoZj1Qf,4 - Sustained
wXVrXNmb0Gl,4 - Sustained
R83C21BuCL5,4 - Sustained
EcW5sxrn7Kx,4 - Sustained
rZBbOn6W1wi,4 - Sustained
tO5pER5YEmw,4 - Sustained
AKMBCyOdsMJ,4 - Sustained
t07Wu4dK2Se,4 - Sustained
rktJXq6SLZh,4 - Sustained
UZY7KMPCrJM,2 - Scale-Up: Aggressive
VZPe5oVGVWf,2 - Scale-Up: Aggressive
Hf5RNaLp5Rc,2 - Scale-Up: Aggressive
NXV5m5fAdaP,2 - Scale-Up: Aggressive
L59auomWK9a,5 - Centrally Supported
Pq71pfCpkex,5 - Centrally Supported
us2FGzlnk8l,2 - Scale-Up: Aggressive
NNQWafT8kCV,5 - Centrally Supported
AXM3xqXyh0j,5 - Centrally Supported
ymcLoFo1XOp,2 - Scale-Up: Aggressive
Ju4V7SZ8jJp,5 - Centrally Supported
BY6kspbkJW9,2 - Scale-Up: Aggressive
y0iYP9PzR3F,5 - Centrally Supported
Q7sR8Vato1j,1 - Scale-Up: Saturation
jP6YHtU87iQ,2 - Scale-Up: Aggressive
PfyEcru7EUk,1 - Scale-Up: Saturation
ac7dqG6khLK,2 - Scale-Up: Aggressive
cCDFkhO0ITL,5 - Centrally Supported
RW6UI8zTazb,5 - Centrally Supported
DoPAA70ylOJ,1 - Scale-Up: Saturation
rGkz0zhJLfr,2 - Scale-Up: Aggressive
ri7dSGxwDav,5 - Centrally Supported
dydqYNPbwDc,2 - Scale-Up: Aggressive
D9dGCrs8rkJ,2 - Scale-Up: Aggressive
kOGT3ksxeSh,1 - Scale-Up: Saturation
vQsUkgj7fuA,5 - Centrally Supported
U8IafTP7w7L,5 - Centrally Supported
xhBacuWMJPS,2 - Scale-Up: Aggressive
DjW2vEv4mf2,2 - Scale-Up: Aggressive
zPlOd5VH1r4,2 - Scale-Up: Aggressive
Ox9AGEiwXhL,2 - Scale-Up: Aggressive
ZnpFreAC44z,5 - Centrally Supported
BFHI8ktsvQ1,5 - Centrally Supported
RzshrAPG7FJ,5 - Centrally Supported
pqFvbVz4qqH,2 - Scale-Up: Aggressive
bbqQmjUlRME,2 - Scale-Up: Aggressive
BFWGUrkBvfy,2 - Scale-Up: Aggressive
BoIxivHASNY,5 - Centrally Supported
T7tgoZWsBNI,5 - Centrally Supported
rTOv2mSieIJ,5 - Centrally Supported
wJfJepN9E40,5 - Centrally Supported
b5i77fVnsOC,5 - Centrally Supported
yPMAadGMkkj,2 - Scale-Up: Aggressive
HKcwDYQDbB5,2 - Scale-Up: Aggressive
Pv8QkwEnhlu,5 - Centrally Supported
QwqeXGLpLfi,2 - Scale-Up: Aggressive
abEAqJ2swgH,5 - Centrally Supported
jPDTEACJNYQ,5 - Centrally Supported
ROKgB9sl4NS,2 - Scale-Up: Aggressive
IOb5dQ3OH9g,5 - Centrally Supported
CmLJdTTkdeN,5 - Centrally Supported
tYc1vr3hkQT,5 - Centrally Supported
LkPG7laQW7D,2 - Scale-Up: Aggressive
CSkFLNHPX4y,4 - Sustained
inoumocfPzI,8 - Not PEPFAR Supported
KoIhkstxZvm,4 - Sustained
AlOhkfswoxd,2 - Scale-Up: Aggressive
P4PW99wpsn1,4 - Sustained
h4zbL6Xn2Hv,5 - Centrally Supported
bQt6U1hAycX,5 - Centrally Supported
QDSfxRXtbr1,5 - Centrally Supported
ajEbxwHWO67,2 - Scale-Up: Aggressive
gnFRCSeNZWd,4 - Sustained
tgHdEExgYbV,4 - Sustained
WBcewaQuWIK,4 - Sustained
irNiBftx83p,4 - Sustained
Imiv5NhvFyj,2 - Scale-Up: Aggressive
j65zifK0OX3,4 - Sustained
TSKONml3tdl,2 - Scale-Up: Aggressive
qYzGABaWyCf,1 - Scale-Up: Saturation
nxGb6sd7p7D,1 - Scale-Up: Saturation
Z3IDOaDDkwG,1 - Scale-Up: Saturation
qRppsyyTP4A,1 - Scale-Up: Saturation
kUikmXEZjNy,1 - Scale-Up: Saturation
QL3f2eyizTy,2 - Scale-Up: Aggressive
yrL0bXyNGUC,4 - Sustained
trEZDtd0yG0,4 - Sustained
IvFsAvEMGoN,2 - Scale-Up: Aggressive
GWyu5TpbqZR,4 - Sustained
j2oJq5cmseg,4 - Sustained
X084f2qVlrB,1 - Scale-Up: Saturation
YyHBXHmKukB,1 - Scale-Up: Saturation
rtBnaP4CaLe,1 - Scale-Up: Saturation
dgdbOACMjkJ,4 - Sustained
YLCO37nNRDr,4 - Sustained
y9AY8FOTj8O,4 - Sustained
shxU5hXKkXr,1 - Scale-Up: Saturation
KkMgLgvtuAa,4 - Sustained
yz3UtyuzHdF,4 - Sustained
A3x7TQqItNX,4 - Sustained
d7jaGpSxsaJ,1 - Scale-Up: Saturation
xxx5e0BohYI,2 - Scale-Up: Aggressive
bVUktvRBkSC,1 - Scale-Up: Saturation
uvOa3vSlS16,4 - Sustained
ocNRp1wzSHa,4 - Sustained
BtMJFR0nUrB,4 - Sustained
SxuWL8y7s0h,2 - Scale-Up: Aggressive
uHbIOtn8uNS,1 - Scale-Up: Saturation
HeFt4nH6lFL,2 - Scale-Up: Aggressive
cdSO66LSlGQ,4 - Sustained
AaejvOngJzv,1 - Scale-Up: Saturation
xOVDj8J5PoB,4 - Sustained
imTE2HfVCB6,2 - Scale-Up: Aggressive
PEaCSlDUGCg,1 - Scale-Up: Saturation
JTG9SvBj4hZ,2 - Scale-Up: Aggressive
j8AIF1TBisq,4 - Sustained
xA6NDbxZAgx,2 - Scale-Up: Aggressive
tLsMlLSRpfE,1 - Scale-Up: Saturation
S2K7qj164i8,4 - Sustained
suZa3dTHksq,4 - Sustained
CtMgY8VZogi,4 - Sustained
Exl9pUAc44P,4 - Sustained
IAOBhhbqamN,4 - Sustained
vAuW6hf6KGW,4 - Sustained
sHTZH3Q9xlL,2 - Scale-Up: Aggressive
Vu9fQlceypj,2 - Scale-Up: Aggressive
WFAQjpgzs0C,4 - Sustained
qczHUWeVisp,4 - Sustained
rw6jhJfCbOz,4 - Sustained
NcKPF2NzcgG,4 - Sustained
FuoMYXv1Nfz,2 - Scale-Up: Aggressive
RltHtwb3yOs,4 - Sustained
G08ogemsYzp,2 - Scale-Up: Aggressive
JunQeiJ0pST,4 - Sustained
QnjhG3pb3tT,2 - Scale-Up: Aggressive
bVxRDDk5dhV,4 - Sustained
AilOhUXA8aG,2 - Scale-Up: Aggressive
CbnpwmuwDpe,1 - Scale-Up: Saturation
feWqlZZmIFa,4 - Sustained
aJBepvgxJL8,4 - Sustained
PwxC93HtuSb,4 - Sustained
RKfeX87U7lA,4 - Sustained
Iy2ohDSmZYT,4 - Sustained
vafMiWl7iKa,4 - Sustained
WwO4gfYWGaQ,4 - Sustained
cW0c0cXIxud,4 - Sustained
rGq4u7NPzKX,4 - Sustained
ZERbguzxIRa,4 - Sustained
jMIoGAH9QnR,4 - Sustained
qtYFkJwZLNg,4 - Sustained
QcLi8vhV1cZ,4 - Sustained
KVGtSCr73bC,4 - Sustained
uBnSCpIMeNi,4 - Sustained
AEQ2u8KCBcz,4 - Sustained
RtqbS8T7AuT,4 - Sustained
s9zkPoKCkYn,4 - Sustained
KinswscyL7a,4 - Sustained
r8uGxJkbiEY,4 - Sustained
hZ6LXLhUGaP,1 - Scale-Up: Saturation
QAY9qFSQvjg,4 - Sustained
o8ekD6KEXWC,4 - Sustained
tWkfmVn0jNf,4 - Sustained
WS1OIDUdNtU,1 - Scale-Up: Saturation
RnRsrWIPfSN,4 - Sustained
gdCBbSRSOyW,4 - Sustained
kFtnGYFsmaV,4 - Sustained
WpCOOhK9N1f,4 - Sustained
nZR7jDoZaWp,1 - Scale-Up: Saturation
ZE2mVxYeq6K,1 - Scale-Up: Saturation
olUCraJY2gF,1 - Scale-Up: Saturation
D3hgNLc7wl6,1 - Scale-Up: Saturation
tXYiT9KX7zA,1 - Scale-Up: Saturation
u6JIzCOdBJ6,1 - Scale-Up: Saturation
lg7nWpRVX85,4 - Sustained
KOlqevxMjvo,2 - Scale-Up: Aggressive
AbU6AOe5O2m,4 - Sustained
t0g7m3S0htv,1 - Scale-Up: Saturation
hB2IawAokig,2 - Scale-Up: Aggressive
JTjAenidfVN,4 - Sustained
XtlpVAd1gll,1 - Scale-Up: Saturation
jR3z7M5rpa1,2 - Scale-Up: Aggressive
aRfYnk0HBmA,4 - Sustained
HjesRNKUP8l,1 - Scale-Up: Saturation
WSV5n7c6bgj,4 - Sustained
UUsTAU2gBGi,4 - Sustained
umEnbNJtWtC,4 - Sustained
L7ammFxiV2i,4 - Sustained
bLRYxtb8oKx,4 - Sustained
AMfiL05HtnD,2 - Scale-Up: Aggressive
s7z6EbBa6Qs,4 - Sustained
Knm8JL1QpjL,2 - Scale-Up: Aggressive
tdgT6aLYXaT,2 - Scale-Up: Aggressive
NKeKrs91xCw,1 - Scale-Up: Saturation
NKUuUw1YV1f,2 - Scale-Up: Aggressive
RxbRsCG8uH4,1 - Scale-Up: Saturation
if4TkLUE35J,2 - Scale-Up: Aggressive
cHzpHbKk60d,4 - Sustained
hjesZBs1haJ,2 - Scale-Up: Aggressive
vBmzQj5y81A,1 - Scale-Up: Saturation
lr2euf5GGdS,1 - Scale-Up: Saturation
zLJGUZcLjAt,2 - Scale-Up: Aggressive
egae42w1g2E,1 - Scale-Up: Saturation
YLzPUD9clds,2 - Scale-Up: Aggressive
mKdOqXYiqyN,2 - Scale-Up: Aggressive
nFummeSIBwK,4 - Sustained
v4aut8CAD4C,1 - Scale-Up: Saturation
orLfqj8fpz8,4 - Sustained
GMTXSEDPaba,4 - Sustained
vDynT512Lhs,2 - Scale-Up: Aggressive
b80ftw906w8,1 - Scale-Up: Saturation
GfuwGLNMsLb,4 - Sustained
UY251epEUpp,2 - Scale-Up: Aggressive
Y7wXLX31IJZ,2 - Scale-Up: Aggressive
Q8uZHnQoB2J,1 - Scale-Up: Saturation
wnQPiwXMA2b,2 - Scale-Up: Aggressive
cRUzcZywrbr,4 - Sustained
d3v58XtPE9s,2 - Scale-Up: Aggressive
ZuIC9W3V9Er,2 - Scale-Up: Aggressive
RbzqqawWFey,1 - Scale-Up: Saturation
ecKRBvL4KOu,2 - Scale-Up: Aggressive
yOhFCpn5sYb,1 - Scale-Up: Saturation
uWLJVNg0Cxm,1 - Scale-Up: Saturation
IEMuUwn38il,2 - Scale-Up: Aggressive
aW2XJGy2NZk,2 - Scale-Up: Aggressive
NLaq6KMNwa4,1 - Scale-Up: Saturation
zU1Wnw8m86P,2 - Scale-Up: Aggressive
w0DfXCPj8Rl,4 - Sustained
Jc7HCf9zv2h,4 - Sustained
QslVnqoK3PJ,2 - Scale-Up: Aggressive
gIunYOqMCCw,4 - Sustained
l3rmPVjiR9e,1 - Scale-Up: Saturation
pXIAe9SMcS3,4 - Sustained
pcW8gGVrMpY,4 - Sustained
StD9EAMpzvb,2 - Scale-Up: Aggressive
PiaL7RCM0h7,2 - Scale-Up: Aggressive
y5li2j7RLGP,4 - Sustained
aG6kXOW4ihG,4 - Sustained
EbUvkxSPwEL,4 - Sustained
F0StU7ndfp2,4 - Sustained
hczrU5bjocf,1 - Scale-Up: Saturation
dh6RCCSUrlk,2 - Scale-Up: Aggressive
UL2PuGciZ0O,2 - Scale-Up: Aggressive
ggKkQlp4zmd,1 - Scale-Up: Saturation
OoFnoVhM8Tz,2 - Scale-Up: Aggressive
OaWlcFCzUIo,1 - Scale-Up: Saturation
p12xvi2DKUD,4 - Sustained
dWarT328SnD,4 - Sustained
PFrXwIUcE6K,2 - Scale-Up: Aggressive
GeWWmcEnaaE,4 - Sustained
BG5sXQyiGAc,2 - Scale-Up: Aggressive
Q888YZfi0NN,4 - Sustained
InbAnWjLxj7,4 - Sustained
rs5toMaD5ty,4 - Sustained
pUY6xNexMCp,4 - Sustained
SBBOHilirRD,4 - Sustained
qLs3Wo6g1N7,4 - Sustained
sHvr0FGWAUI,4 - Sustained
sGtdmRkxjoq,4 - Sustained
TGM4xs5LMyc,4 - Sustained
kSQrEY8a2Ka,4 - Sustained
JEao7mAIwRc,1 - Scale-Up: Saturation
R7aQinLVNW4,[NOT DEFINED]
Quu8PXwIv8m,4 - Sustained
I9I7WFHjAte,2 - Scale-Up: Aggressive
bntHIKmdtv7,1 - Scale-Up: Saturation
JqCmwAjmAdl,1 - Scale-Up: Saturation
wUwoOyix1MB,[NOT DEFINED]
FjZG0Twx2sX,[NOT DEFINED]
FsHHbzluiJb,4 - Sustained
ouyiEelNaXp,1 - Scale-Up: Saturation
Lryv2UvMIDv,4 - Sustained
kdQx4oc4vxQ,1 - Scale-Up: Saturation
PerVslp3sdX,2 - Scale-Up: Aggressive
EhwbIln9cBp,2 - Scale-Up: Aggressive
EOY02xi5HPB,2 - Scale-Up: Aggressive
N4R2sGukDe4,4 - Sustained
hdHzOX7oN7H,2 - Scale-Up: Aggressive
cv1b58B0y2U,4 - Sustained
btv31DCkh3k,4 - Sustained
a3vfnv7B3iM,5 - Centrally Supported
UlbBdvDSNO8,1 - Scale-Up: Saturation
XcRTJKgyvXV,4 - Sustained
tfsNJ75IDKn,4 - Sustained
oO3AikVUwsa,4 - Sustained
Rdt1TyOWaxM,4 - Sustained
pfr8iz9jJTi,5 - Centrally Supported
cPDahRsvkf0,1 - Scale-Up: Saturation
x7jcXKDYjwv,4 - Sustained
AlBctVMMqTZ,4 - Sustained
vozdznXvEio,4 - Sustained
ZZY86jSqrRe,1 - Scale-Up: Saturation
n5ZEsWziYrd,4 - Sustained
QgIToMQuTui,4 - Sustained
KDlDc415aZB,1 - Scale-Up: Saturation
GcYxWQadLDB,2 - Scale-Up: Aggressive
iWgkJm78Jes,5 - Centrally Supported
YvX6BnliFku,[NOT DEFINED]
Vs3EnUbSIxB,5 - Centrally Supported
RRJ0K4qiwj6,[NOT DEFINED]
shZLXgVt6IU,1 - Scale-Up: Saturation
qToFRBvP3hw,1 - Scale-Up: Saturation
HRlOm3DhuKZ,2 - Scale-Up: Aggressive
jwkn9GjFWAw,5 - Centrally Supported
C2tMKsD3c9Y,4 - Sustained
F5GLJu0abYn,4 - Sustained
aBfifMwaD01,2 - Scale-Up: Aggressive
lDApNHIGRKq,[NOT DEFINED]
QIqtoDj9tee,2 - Scale-Up: Aggressive
gwAugxS9KhZ,2 - Scale-Up: Aggressive
dgzHXyQWBIu,2 - Scale-Up: Aggressive
k00te8l2zsS,2 - Scale-Up: Aggressive
R5JFD4AykLF,4 - Sustained
RsafOroWEu3,2 - Scale-Up: Aggressive
zmdjGbqC0jW,2 - Scale-Up: Aggressive
RftOLXbkWsc,[NOT DEFINED]
fpDeHp6TgVr,4 - Sustained
xi1tbUw0pLk,2 - Scale-Up: Aggressive
u57HZ1OQLOW,4 - Sustained
CYSpjqfwZAp,4 - Sustained
jkEggeCHfCb,5 - Centrally Supported
v7adYviXRLe,[NOT DEFINED]
PttNphGaVik,5 - Centrally Supported
R82ZOAg1BN1,2 - Scale-Up: Aggressive
dT5mZrS7KBN,[NOT DEFINED]
jDaD6QQu0qK,5 - Centrally Supported
yg0nBKIzEKK,1 - Scale-Up: Saturation
wEMidDdxt0Y,4 - Sustained
iVSPmqWhay3,1 - Scale-Up: Saturation
S8ztvJDIhX7,4 - Sustained
ieGmEgBpNRi,4 - Sustained
ieDi203bOKl,4 - Sustained
k65flOHCxLR,2 - Scale-Up: Aggressive
vHFjx27wlUq,4 - Sustained
TmTuXKs7fJw,4 - Sustained
ZnMLQFOFj1H,5 - Centrally Supported
C3hzjEbUGY7,1 - Scale-Up: Saturation
w1I54NxWBAX,1 - Scale-Up: Saturation
BATZOkeA239,1 - Scale-Up: Saturation
AEgCiRdfPqk,4 - Sustained
G28ImG60bEy,1 - Scale-Up: Saturation
CA9WFYJAtUb,1 - Scale-Up: Saturation
bgH9feu8uJt,1 - Scale-Up: Saturation
NWen8ZFBp4d,1 - Scale-Up: Saturation
FkYNFW9LQ9R,1 - Scale-Up: Saturation
e3kb4cALNVO,1 - Scale-Up: Saturation
h2h7la8dm3H,1 - Scale-Up: Saturation
duySMi9VqeJ,1 - Scale-Up: Saturation
dP08F6UY3TU,1 - Scale-Up: Saturation
tAO3Fr3blJV,1 - Scale-Up: Saturation
yVYkZ3nWNzG,1 - Scale-Up: Saturation
P0OPoBYL1Fn,2 - Scale-Up: Aggressive
SJ5F0JSgzwr,5 - Centrally Supported
fRlQ6cOrgtH,5 - Centrally Supported
oxxVN5nTumf,2 - Scale-Up: Aggressive
GcuK6LNsXMg,1 - Scale-Up: Saturation
Q12UEW61lN1,1 - Scale-Up: Saturation
lRPR9ANGlm4,4 - Sustained
WM6uJb7CSb0,1 - Scale-Up: Saturation
EedkCkeXAoE,4 - Sustained
o6BWc2XOaR9,2 - Scale-Up: Aggressive
hWtv85y0q1m,4 - Sustained
J9aw7uO6K13,2 - Scale-Up: Aggressive
xDTUHtVsYFR,4 - Sustained
ED00zcDv1NP,4 - Sustained
OMlIhKx6FwZ,4 - Sustained
Ci4MTZzs9Dp,2 - Scale-Up: Aggressive
V06Z9orsuCm,2 - Scale-Up: Aggressive
uwN16dMrb0P,4 - Sustained
BMHypoM69EJ,2 - Scale-Up: Aggressive
AdD79wW6htR,2 - Scale-Up: Aggressive
yM0opwvCoWC,4 - Sustained
lEzQkbYVZcc,5 - Centrally Supported
Xep54JzSOPL,2 - Scale-Up: Aggressive
lrZWlwzlpI7,2 - Scale-Up: Aggressive
GBwyy2AXkJX,1 - Scale-Up: Saturation
b5Tnnp3mSC8,1 - Scale-Up: Saturation
VCWA39P4uD0,1 - Scale-Up: Saturation
jTAbPHjYvpI,1 - Scale-Up: Saturation
vUJoxqqtkGS,1 - Scale-Up: Saturation
nMTxNdQuYO8,1 - Scale-Up: Saturation
VvPrVm52CAR,2 - Scale-Up: Aggressive
HTNggnpUxo5,1 - Scale-Up: Saturation
Jn1IGXJFpmr,2 - Scale-Up: Aggressive
q3fo1Q0viFo,1 - Scale-Up: Saturation
CUbwBUBDopX,2 - Scale-Up: Aggressive
HRbtoDxH26v,2 - Scale-Up: Aggressive
EzD16N9xhDy,2 - Scale-Up: Aggressive
vkP1hKxVmrJ,2 - Scale-Up: Aggressive
mszioSxSYMT,2 - Scale-Up: Aggressive
uiGvDzuDmh0,2 - Scale-Up: Aggressive
l08AgUbqqwy,2 - Scale-Up: Aggressive
xwdPX8eStea,4 - Sustained
h6IYnswIlt8,2 - Scale-Up: Aggressive
fjRAy1I8UAA,4 - Sustained
mndbxwRfACp,5 - Centrally Supported
exaobovFrtu,5 - Centrally Supported
aUCEtB44Q1u,1 - Scale-Up: Saturation
AxhAJySJtIZ,1 - Scale-Up: Saturation
jNKE2vg0xW2,4 - Sustained
IPlA2I7ZDyY,5 - Centrally Supported
zclMBQKy5pb,4 - Sustained
n6rJDqiS7AQ,5 - Centrally Supported
yNYcQEwClZq,5 - Centrally Supported
msHKypyTOsd,1 - Scale-Up: Saturation
wyjZ8L6fcge,5 - Centrally Supported
f0rwq0ZvOpP,1 - Scale-Up: Saturation
nsDXaAoyT5w,4 - Sustained
IluW7ZpCRu2,2 - Scale-Up: Aggressive
SOsMNj1PZHR,4 - Sustained
R0xn1W0wVia,4 - Sustained
ScJoPYf0zuU,2 - Scale-Up: Aggressive
Q5i1yGKG14e,4 - Sustained
HfZYPAvcxnV,4 - Sustained
e1GuGfjysgx,2 - Scale-Up: Aggressive
BFJPdJYyZSS,5 - Centrally Supported
LGwM5T7Cfas,1 - Scale-Up: Saturation
yEIIDwkgKFd,2 - Scale-Up: Aggressive
SxxTz4gYhQw,2 - Scale-Up: Aggressive
eSHEOHPHS0m,2 - Scale-Up: Aggressive
mnkQy9rMHDc,1 - Scale-Up: Saturation
sj48C4b1iIo,2 - Scale-Up: Aggressive
r1mQwMyiJ6J,2 - Scale-Up: Aggressive
P1IfKJvvJjF,4 - Sustained
JT5rJpyKNm1,2 - Scale-Up: Aggressive
ApD29h3DTXi,2 - Scale-Up: Aggressive
iPgb36EMtaZ,2 - Scale-Up: Aggressive
niVCOn2FsFF,5 - Centrally Supported
VuhgX5vFnOJ,4 - Sustained
A1V00o6uq0G,2 - Scale-Up: Aggressive
gRcDzd8Havi,1 - Scale-Up: Saturation
tnA2yp5DV8B,2 - Scale-Up: Aggressive
qi67SubvCKE,2 - Scale-Up: Aggressive
Lhyoz3R6Ajc,5 - Centrally Supported
LQDA8bBKmGl,1 - Scale-Up: Saturation
Dk2rajWTf3p,1 - Scale-Up: Saturation
QqH8PKSDr5Y,1 - Scale-Up: Saturation
DGPXQ6p641S,2 - Scale-Up: Aggressive
dEbgc2xNR7R,5 - Centrally Supported
UVIDQgKgkIl,5 - Centrally Supported
AcZMrbuIQHB,5 - Centrally Supported
lQdiKoDM0YB,2 - Scale-Up: Aggressive
O1MLzwGIdaI,1 - Scale-Up: Saturation
uZlfL99x0U9,2 - Scale-Up: Aggressive
lz6v1wK1cNw,2 - Scale-Up: Aggressive
wwqR42KI6bP,5 - Centrally Supported
LpFSAtRBDrO,2 - Scale-Up: Aggressive
pHaEVDr8hH4,5 - Centrally Supported
Fu4aAYVFa6r,2 - Scale-Up: Aggressive
VvHZwqiBB7z,5 - Centrally Supported
IVgC6CZbxJy,5 - Centrally Supported
ryIJ3ovaLRV,2 - Scale-Up: Aggressive
Hhij012HJcM,2 - Scale-Up: Aggressive
PeO5bH3pN5c,2 - Scale-Up: Aggressive
ySo1EcAJHf3,5 - Centrally Supported
KudZMSVnWY5,2 - Scale-Up: Aggressive
MkRCrwJ2C1I,2 - Scale-Up: Aggressive
dMQxp7sPj1R,5 - Centrally Supported
OyRBD1CMuJT,2 - Scale-Up: Aggressive
t4S881SjUZl,1 - Scale-Up: Saturation
y4FrV2J3SSU,2 - Scale-Up: Aggressive
HvjrNGxD4bB,2 - Scale-Up: Aggressive
lzDgejMOGWZ,2 - Scale-Up: Aggressive
liwk00wkGLQ,1 - Scale-Up: Saturation
yU5heN4ykZa,5 - Centrally Supported
a3zBlSiF0wB,1 - Scale-Up: Saturation
hWLm2t2O2gU,1 - Scale-Up: Saturation
uHWuOK5QEAg,1 - Scale-Up: Saturation
ze5XC3Spng8,1 - Scale-Up: Saturation
KQ1obRaiEJc,1 - Scale-Up: Saturation
pPAf46DUcp7,1 - Scale-Up: Saturation
LvCBn26U2i2,1 - Scale-Up: Saturation
FjppXDFJ9Tx,5 - Centrally Supported
RjYF149Rr2v,1 - Scale-Up: Saturation
LlCnbkgxpWA,5 - Centrally Supported
c38pTGryV5q,5 - Centrally Supported
x65gIMnlfkA,2 - Scale-Up: Aggressive
b7OnyRR9AXI,1 - Scale-Up: Saturation
KrzWTSmFARO,2 - Scale-Up: Aggressive
vs33LF3cnHy,1 - Scale-Up: Saturation
XQwyooJ2rFg,5 - Centrally Supported
W4O6XMG1LlA,5 - Centrally Supported
stClxHNn4NP,4 - Sustained
RKoVudgb05Y,4 - Sustained
GLVB2ljVQ8N,1 - Scale-Up: Saturation
WuxG6jzaypt,2 - Scale-Up: Aggressive
zhJINyURZ5Y,2 - Scale-Up: Aggressive
WSl5y9jxCpC,2 - Scale-Up: Aggressive
IdBKTEYPQEh,8 - Not PEPFAR Supported
XGpHeef5gpD,8 - Not PEPFAR Supported
A35GCIWAOhd,8 - Not PEPFAR Supported
jaTticxkcqx,8 - Not PEPFAR Supported
DlfavooTJxR,2 - Scale-Up: Aggressive
mRwKGISoETW,2 - Scale-Up: Aggressive
cuycTsjKjJV,8 - Not PEPFAR Supported
YVFk4zDWcOL,2 - Scale-Up: Aggressive
ZE1dC5koMyy,2 - Scale-Up: Aggressive
OrdO9LqYGEU,2 - Scale-Up: Aggressive
jjX2tlYIDMS,2 - Scale-Up: Aggressive
XlknxeZCJhu,2 - Scale-Up: Aggressive
wln4Q3L4Jtm,2 - Scale-Up: Aggressive
zvuoTbaNtrF,2 - Scale-Up: Aggressive
XcfnCyWRPTX,2 - Scale-Up: Aggressive
L2GCOZE3ZGJ,5 - Centrally Supported
KAJhTpoQcgY,2 - Scale-Up: Aggressive
ZhWf9vUWlIQ,2 - Scale-Up: Aggressive
sGOsK5LEJAm,2 - Scale-Up: Aggressive
wRBw2JNPLPK,2 - Scale-Up: Aggressive
zxKIIVD2VqW,2 - Scale-Up: Aggressive
E9hpBWG1gJY,2 - Scale-Up: Aggressive
IGRWppOdGnd,8 - Not PEPFAR Supported
KpcgUONQMtc,2 - Scale-Up: Aggressive
xbPUZoXAoyF,8 - Not PEPFAR Supported
oBxDZtu08GH,2 - Scale-Up: Aggressive
ePZmJr5EpxI,2 - Scale-Up: Aggressive
kSG6uxhyCNl,2 - Scale-Up: Aggressive
m8pmtIrQgX0,8 - Not PEPFAR Supported
eMI4nU3xs19,2 - Scale-Up: Aggressive
u195Kcj571S,2 - Scale-Up: Aggressive
vZKsJ7M6zlG,8 - Not PEPFAR Supported
zrcj3aMvp8P,2 - Scale-Up: Aggressive
g59yGzHcgLS,8 - Not PEPFAR Supported
UAmR614rZ9d,8 - Not PEPFAR Supported
kVFGsGA9hQa,8 - Not PEPFAR Supported
Yt9X49bQrRE,2 - Scale-Up: Aggressive
dlrLnvsCZlk,2 - Scale-Up: Aggressive
lDgHhlAPrbI,1 - Scale-Up: Saturation
CCDn2DvZ32N,8 - Not PEPFAR Supported
sbEUTnRr0eM,8 - Not PEPFAR Supported
xBsmGxPgQaw,1 - Scale-Up: Saturation
qOD764n5tgj,4 - Sustained
XTsaMgdocDI,4 - Sustained
A4RKAXHmMJz,1 - Scale-Up: Saturation
xuUDwPCp31S,5 - Centrally Supported
FXlLvz2pJaT,4 - Sustained
bUF2WipYIQn,2 - Scale-Up: Aggressive
aU0BjX9vsGL,2 - Scale-Up: Aggressive
NHfGpkhlLAV,8 - Not PEPFAR Supported
rvWifPpyaKu,2 - Scale-Up: Aggressive
wzBlWonPLOp,4 - Sustained
NsradCS3NV6,5 - Centrally Supported
bB9DOVVvH0m,8 - Not PEPFAR Supported
lqOb8ytz3VU,2 - Scale-Up: Aggressive
XXuTiMjae3r,4 - Sustained
Y0udgSlBzfb,4 - Sustained
fsYEXVIVrDr,8 - Not PEPFAR Supported
JVXPyu8T2fO,1 - Scale-Up: Saturation
g9tvk3Npz0O,2 - Scale-Up: Aggressive
m3zHI8wLTPt,8 - Not PEPFAR Supported
eTDUevsxslg,8 - Not PEPFAR Supported
x83C9cH5sOZ,4 - Sustained
fXIAya9MTsp,4 - Sustained
rrAWd6oORtj,4 - Sustained
IYAMmLveW4i,4 - Sustained
R2NsUDhdF8x,4 - Sustained
prA0IseYHWD,2 - Scale-Up: Aggressive
lpvqRE7A04P,2 - Scale-Up: Aggressive
UPRsMongHVh,2 - Scale-Up: Aggressive
sJXLM3yvj6s,8 - Not PEPFAR Supported
mbbwqCmq8mP,8 - Not PEPFAR Supported
ONUWhpgEbVk,5 - Centrally Supported
c0oeZEJ8qXk,1 - Scale-Up: Saturation
cfJiyXa87Ex,1 - Scale-Up: Saturation
bbnjoGJ5I7l,5 - Centrally Supported
J1MwQjUBRbm,4 - Sustained
kJYbwHcPaGZ,1 - Scale-Up: Saturation
aIbf3wlRYB1,4 - Sustained
yxbat75jxce,8 - Not PEPFAR Supported
FkNledXu7r1,2 - Scale-Up: Aggressive
Se7nBqbicpl,1 - Scale-Up: Saturation
mLFKTGjlEg1,5 - Centrally Supported
zSc0ERG1CdL,4 - Sustained
OVaSeUQBtTW,4 - Sustained
TBmZNayISPQ,4 - Sustained
luDmlKf3eTO,2 - Scale-Up: Aggressive
SjFut5OZeix,1 - Scale-Up: Saturation
yVVY7DD2XZg,1 - Scale-Up: Saturation
aFkuC9M5rny,1 - Scale-Up: Saturation
t7SHZz4FwsF,1 - Scale-Up: Saturation
cnvySs9WnJU,4 - Sustained
OXAf4rQUTGT,2 - Scale-Up: Aggressive
WO5TOA88LfB,2 - Scale-Up: Aggressive
GhzEbWf9bsL,2 - Scale-Up: Aggressive
ENdy7rBFj0e,2 - Scale-Up: Aggressive
B0gZGEhXexz,2 - Scale-Up: Aggressive
VUAoXAWK0U5,1 - Scale-Up: Saturation
qjogDexsSTl,2 - Scale-Up: Aggressive
DLjQyOp9mwb,7 - Attained
tcKsxhCSv2C,2 - Scale-Up: Aggressive
c7c7lQ5p9KD,7 - Attained
IemvUuK6g1A,2 - Scale-Up: Aggressive
ti5gPcq0kFf,2 - Scale-Up: Aggressive
u81C8Yw6ls0,2 - Scale-Up: Aggressive
WUEnKKHLjl6,2 - Scale-Up: Aggressive
yZN0aKR9fqa,2 - Scale-Up: Aggressive
cgyaQG9fx8j,2 - Scale-Up: Aggressive
hDDl8lQPz4t,2 - Scale-Up: Aggressive
N6mWBEM1eS0,2 - Scale-Up: Aggressive
faILJxLzf6m,2 - Scale-Up: Aggressive
ngGvT3Af4sy,2 - Scale-Up: Aggressive
ctZ6cqFThdL,2 - Scale-Up: Aggressive
fjxfjBhlKqL,2 - Scale-Up: Aggressive
uCF3Hh8W9B0,2 - Scale-Up: Aggressive
B1pYCM4SVeQ,2 - Scale-Up: Aggressive
rNTiOpStpbb,2 - Scale-Up: Aggressive
YYmPTdeljk3,2 - Scale-Up: Aggressive
GKrCVuEfyUK,2 - Scale-Up: Aggressive
ix8drry7llu,2 - Scale-Up: Aggressive
UV8WmLIVDAx,2 - Scale-Up: Aggressive
jnStiyHnsI5,2 - Scale-Up: Aggressive
ijszJeCfgng,2 - Scale-Up: Aggressive
yIU6lLx3jf8,2 - Scale-Up: Aggressive
RO6RUC3AUPQ,2 - Scale-Up: Aggressive
JVkcLwds0u7,2 - Scale-Up: Aggressive
LKE6vRzBvSR,2 - Scale-Up: Aggressive
bcCQmEcEnvR,2 - Scale-Up: Aggressive
owdHRO9xm1x,2 - Scale-Up: Aggressive
UklSPamHrqx,2 - Scale-Up: Aggressive
kG9ht5QGejJ,2 - Scale-Up: Aggressive
dDquGB3wtT8,2 - Scale-Up: Aggressive
V3WUokdfQ3o,2 - Scale-Up: Aggressive
pwRKMAM7vga,2 - Scale-Up: Aggressive
BFZyGUlJf1F,2 - Scale-Up: Aggressive
PKNRD5GxM4D,1 - Scale-Up: Saturation
c7w0pI9yo6A,2 - Scale-Up: Aggressive
xELDpBDTXO7,2 - Scale-Up: Aggressive
Jy91UHo35rl,2 - Scale-Up: Aggressive
jjaVwfvmGDd,2 - Scale-Up: Aggressive
YwRi3R8i43o,2 - Scale-Up: Aggressive
fy8hntNu4XW,2 - Scale-Up: Aggressive
zyiF9wmzgZm,2 - Scale-Up: Aggressive
JKLQ1sXDGUC,2 - Scale-Up: Aggressive
CYTuJgNPHsJ,2 - Scale-Up: Aggressive
yj7bCMh2usG,2 - Scale-Up: Aggressive
YPV5uwJ9Z1G,2 - Scale-Up: Aggressive
uXqGfBx5A67,2 - Scale-Up: Aggressive
bDvs91Fcggf,1 - Scale-Up: Saturation
oyhbcOFZpWc,2 - Scale-Up: Aggressive
vlaYsRuPfei,2 - Scale-Up: Aggressive
eLRBeiovxiE,1 - Scale-Up: Saturation
fzt6CvzQFbQ,1 - Scale-Up: Saturation
MRdcKcF62A3,4 - Sustained
F6WTEzIOtkT,2 - Scale-Up: Aggressive
MDzNkvNWOqj,2 - Scale-Up: Aggressive
usaMQYFoqu7,2 - Scale-Up: Aggressive
SiuMXBMgDPW,2 - Scale-Up: Aggressive
MCn5ocPBM68,2 - Scale-Up: Aggressive
IYbb6hZbPLf,2 - Scale-Up: Aggressive
hJPBpKvDZeU,2 - Scale-Up: Aggressive
ILpgkPGG3aL,2 - Scale-Up: Aggressive
HqdiBVnawRH,2 - Scale-Up: Aggressive
zvCuB4WdUX3,2 - Scale-Up: Aggressive
DnZmBCPB5Wv,2 - Scale-Up: Aggressive
FSos9urQWpC,1 - Scale-Up: Saturation
cBLwAjPmhqr,1 - Scale-Up: Saturation
HfWaAHXIPCB,1 - Scale-Up: Saturation
KWgDpbnndTO,1 - Scale-Up: Saturation
sbP7YJx3cgH,1 - Scale-Up: Saturation
CSAHT9ua6ns,2 - Scale-Up: Aggressive
v6aNofy5b9w,2 - Scale-Up: Aggressive
ve9jT1mLPhZ,2 - Scale-Up: Aggressive
E5YiEi3aVPU,4 - Sustained
h3wDCb3HXys,4 - Sustained
pfQOa8qjAWa,4 - Sustained
nr1KW6Phcdv,4 - Sustained
nLTv9WMYrlk,4 - Sustained
A8lvuTHEnpH,4 - Sustained
lJXeSL72Jp9,4 - Sustained
iLaRJWTHuox,2 - Scale-Up: Aggressive
ItDqALnVhJU,4 - Sustained
AHVROEGOmE7,4 - Sustained
zg5NKHBinEW,2 - Scale-Up: Aggressive
iF0iemJx8E4,4 - Sustained
pBUjaG1iYen,4 - Sustained
HyZbr0Vp9IO,4 - Sustained
cLNG8cjy8ZH,4 - Sustained
QKAQA17EIVf,2 - Scale-Up: Aggressive
jWZe2JHG8KT,4 - Sustained
ntznuMwKnXg,4 - Sustained
xLBQVzqxSl6,2 - Scale-Up: Aggressive
rtyM81nTDA8,4 - Sustained
fIoO92ZOXfi,2 - Scale-Up: Aggressive
lUNFXfcKgEK,4 - Sustained
ZmrRnCW3llI,4 - Sustained
etNVRG8B30T,4 - Sustained
BLYwSlKrI52,2 - Scale-Up: Aggressive
UO23HGECIyS,4 - Sustained
V9efXhRK9Tu,2 - Scale-Up: Aggressive
pvQEf98W9Qa,2 - Scale-Up: Aggressive
PRZ5AEFIaDq,2 - Scale-Up: Aggressive
Yqiq8FXHUoa,2 - Scale-Up: Aggressive
HbuQjehitcw,2 - Scale-Up: Aggressive
PwOps2kjwRa,2 - Scale-Up: Aggressive
HTJGcXeXSfw,6 - Sustained: Commodities
zGUSKbhttpF,2 - Scale-Up: Aggressive
ErLLXBVQjYq,2 - Scale-Up: Aggressive
KpKQR3f9vHE,2 - Scale-Up: Aggressive
GJfZVVf6p0S,2 - Scale-Up: Aggressive
ir1yI6FCCPC,6 - Sustained: Commodities
RCnrtpCWBXE,2 - Scale-Up: Aggressive
P5PYWzi4i90,6 - Sustained: Commodities
wXEvSgOI9MY,4 - Sustained
ECAPURviviF,8 - Not PEPFAR Supported
bZsjHzJX6eR,8 - Not PEPFAR Supported
z3Gtn3s3wcj,8 - Not PEPFAR Supported
pQqN0F0DFur,8 - Not PEPFAR Supported
aT4jdNyy3uo,8 - Not PEPFAR Supported
